org_name,type,website,contact_email,source,ein,irs_name,irs_city,match_confidence,match_score,first_year,last_year,years_filed,filing_gaps,comp_jump_years,latest_revenue,latest_employees,notes,archive_collection
African Cultural Alliance of North America,CDC,,,Ben roster,233062024,African Cultural Alliance Of North America Inc,Philadelphia,high,1.0,2011,2023,13,,2015; 2017; 2018; 2019; 2020; 2022,2613278,,,
Arab-American CDC,CDC,,,Ben roster,311620684,Arab American Development Corp,Philadelphia,high,1.0,2011,2023,13,,,235996,,,
Asociación Puertorriqueños en Marcha (APM),CDC,,,Ben roster,231930630,Asociacion Puertorriquenos En Marcha Inc,Philadelphia,high,0.89,2011,2023,13,,2020,33613538,,,
Beech Interplex,CDC,,,Ben roster,521693162,Beech Interplex Inc,Philadelphia,high,1.0,2011,2023,13,,2014; 2015; 2016,4055112,,,
Called To Serve CDC,CDC,,,Ben roster,464404323,Called To Serve Cdc Inc,Philadelphia,high,1.0,2014,2023,10,,,883926,,,
Catholic Housing and Community Services,CDC,,,Ben roster,822320973,Catholic Housing And Community Services,Philadelphia,high,1.0,,,0,,,,,,
Centennial Parkside CDC,CDC,,,Ben roster,474815728,Centennial Parkside Cdc,Philadelphia,high,1.0,2016,2023,8,,,812649,,,
Chestnut Hill CDC,CDC,,,Ben roster,274673757,Chestnut Hill Community Development Corporation,Philadelphia,high,1.0,2011,2023,13,,,78725,,,
Community of Compassion CDC,CDC,,,Ben roster,331035662,Community Of Compassion Inc,Philadelphia,high,1.0,2021,2021,1,,,198846,,,
Community Ventures,CDC,,,Ben roster,232462126,Community Ventures Inc,Philadelphia,high,1.0,2010,2023,14,,2011; 2023,1640458,,,
East Falls Development Corporation,CDC,,,Ben roster,232805925,East Falls Development Corporation,Phila,high,1.0,2010,2023,14,,2012; 2019; 2020; 2021; 2022,271935,,,
Empowered CDC,CDC,,,Ben roster,845037676,Empowered Cdc Inc,Philadelphia,high,1.0,2023,2023,1,,,142834,,,
Esperanza,CDC,,,Ben roster,232552707,Nueva Esperanza,Philadelphia,high,0.75,2011,2023,13,,2016; 2019,13454615,,,
Frankford CDC,CDC,,,Ben roster,232738932,Frankford Community Development Corporation,Philadelphia,high,1.0,2011,2023,13,,2017; 2018; 2019; 2020; 2021; 2022; 2023,3208911,,,
Germantown Restoration CDC,CDC,,,Ben roster,,,,none,0.0,,,0,,,,,,
Germantown United CDC,CDC,,,Ben roster,453739378,Germantown United Community Development Corporation,Philadelphia,high,1.0,2015,2023,9,,2016; 2020,606368,,,
Habitat for Humanity Philadelphia,CDC,,,Ben roster,421580163,Habitat For Humanity International Inc,Philadelphia,medium,0.69,2011,2023,13,,,8309601,,,
HACE,CDC,,,Ben roster,,,,none,0.42,,,0,,,,,,
HELP Development Corporation,CDC,,,Ben roster,,,,none,0.0,,,0,,,,,,
Heritage CDC,CDC,,,Ben roster,232698107,Heritage Community Development Corporation,Philadelphia,high,1.0,,,0,,,,,,
HMC Squared Community Association,CDC,,,Ben roster,473084174,Hmc Squared Community Association Inc,Philadelphia,high,1.0,2014,2014,1,,,0,,,
HopePHL,CDC,,,Ben roster,232017882,Hopephl,Philadelphia,high,1.0,2011,2023,13,,2012; 2013; 2014; 2015; 2016; 2018; 2023,8006243,,,
Housing Enrichment Renaissance Board CDC,CDC,,,Ben roster,,,,none,0.0,,,0,,,,,,
HumanGood East,CDC,,,Ben roster,232828862,Humangood East,Lafayette Hills,high,1.0,2016,2023,7,2020->2022,,0,,,
ICPIC New Africa Center CDC,CDC,,,Ben roster,,,,none,0.0,,,0,,,,,,
Impact Services Corporation,CDC,,,Ben roster,232087348,Impact Services Corp,Philadelphia,high,1.0,2011,2023,13,,2014; 2016; 2019; 2020; 2021; 2022,13359196,,,
Inglis Housing Corporation,CDC,,,Ben roster,232326550,Inglis Housing Corporation,Philadelphia,high,1.0,2011,2023,13,,2023,695036,,,
Korean Community Development Services Center,CDC,,,Ben roster,232303766,Korean Community Development Services Center,Philadelphia,high,1.0,2011,2023,13,,2019; 2020; 2021; 2022; 2023,1710276,,,
Lancaster Avenue 21st Century Business Association CDC (LA21),CDC,,,Ben roster,900502551,Lancaster Avenue 21 St Century Business Association,Philadelphia,high,0.93,2015,2023,7,2016->2019,2020; 2021; 2022; 2023,935900,,,
Lower North Philadelphia CDC,CDC,,,Ben roster,823231994,Lower North Philadelphia Community Development Corporation,Philadelphia,high,1.0,2020,2020,1,,,52494,,,
Mission First Housing Group,CDC,,,Ben roster,455470563,Mission First Housing Group Inc,Philadelphia,high,1.0,2014,2023,10,,,815573,,,
Mt. Airy CDC,CDC,,,Ben roster,222526396,Mt Airy Usa,Philadelphia,high,0.78,2010,2023,14,,2011; 2012; 2022; 2023,1649524,,,
Mt. Vernon Manor CDC,CDC,,,Ben roster,256084074,Mt Vernon Youth Development Group,Elizabeth,high,0.73,2011,2023,12,2013->2015,,285039,,,
New Kensington CDC,CDC,,,Ben roster,222610536,New Kensington Community Development Corp,Philadelphia,high,1.0,2011,2023,13,,2017; 2023,3943941,,,
Newbold CDC,CDC,,,Ben roster,542184458,Newbold Community Development Corporation,Philadelphia,high,1.0,2016,2023,6,2019->2022,,6708,,,
NewCourtland,CDC,,,Ben roster,264194368,Newcourtland Properties,Philadelphia,medium,0.69,2009,2023,15,,,334557,,,
Nicetown CDC,CDC,,,Ben roster,233061705,Nicetown Community Development Corporation,Philadelphia,high,1.0,2011,2023,13,,2012; 2018; 2019; 2020,3092233,,,
Northwest CLT Corporation,CDC,,,Ben roster,872176243,Northwest Clt Corporation,Philadelphia,high,1.0,,,0,,,,,,
Ogontz Ave Revitalization Corporation,CDC,,,Ben roster,,,,none,0.0,,,0,,,,,,
Old City District,CDC,,,Ben roster,232176305,Old City Civic Association,Philadelphia,high,0.77,2011,2023,13,,,11342,,,
Olney Community Collaborative,CDC,,,Ben roster,852575923,Olney Community Collaborative,Philadelphia,high,1.0,,,0,,,,,,
Overbrook West Neighbors CDC,CDC,,,Ben roster,824449937,Overbrook West Neighbors,Philadelphia,high,1.0,2019,2023,5,,,410265,,,
Oxford Circle Christian Community Development Association (OCCCDA),CDC,,,Ben roster,204984694,Oxford Circle Christian Communitydevelopment Association Inc,Philadelphia,medium,0.7,2011,2023,12,2019->2021,2023,2992304,,,
Park to Broad Arts & Business District,CDC,,,Ben roster,,,,none,0.0,,,0,,,,,,
Partnership CDC,CDC,,,Ben roster,232711533,The Partnership Cdc,Philadelphia,high,1.0,2011,2015,5,,2013; 2014; 2015,381694,,,
Passyunk Area Revitalization Corporation,CDC,,,Ben roster,,,,none,0.0,,,0,,,,,,
Philadelphia Chinatown Development Corporation,CDC,,,Ben roster,237439723,Philadelphia Chinatown Development Corp Chinatown Community Park,Philadelphia,high,0.75,2011,2023,13,,,2537285,,,
ProjectHOME,CDC,,,Ben roster,232555950,Project Home,Philadelphia,high,0.96,2011,2023,13,,2012; 2017; 2023,73793942,,,
SEAMAAC,CDC,,,Ben roster,,,,none,0.28,,,0,,,,,,
Sister Clara Muhammad CDC,CDC,,,Ben roster,900405460,Sister Clara Muhammad Community Development Corporation,Philadelphia,high,1.0,2011,2023,13,,,44388,,,
Smart Futures CDC,CDC,,,Ben roster,300263715,Smart Futures,Pittsburgh,high,1.0,2011,2023,13,,2014; 2020,1561341,,,
South Kensington Community Partners,CDC,,,Ben roster,222446719,South Kensington Community Partners Inc,Philadelphia,high,1.0,2011,2023,13,,,338847,,,
South Street Headhouse District,CDC,,,Ben roster,232844044,South Street Headhouse District Foundation,Philadelphia,high,0.85,,,0,,,,,,
Southwest CDC,CDC,,,Ben roster,232491247,Southwest Community Development Corp,Philadelphia,high,1.0,2011,2023,13,,2012; 2015; 2017,1870132,,,
Tacony CDC,CDC,,,Ben roster,233052060,Tacony Community Development Corporation,Philadelphia,high,1.0,2012,2024,14,,2023,414614,,,
The Enterprise Center CDC,CDC,,,Ben roster,300002632,The Enterprise Center Community Development Corporation,Philadelphia,high,1.0,2012,2023,12,,2022; 2023,3539141,,,
The Maple Corporation,CDC,,,Ben roster,236432397,Maple Corporation,Philadelphia,high,1.0,2011,2023,13,,2018; 2019; 2021,205245,,,
Tioga United,CDC,,,Ben roster,233101958,Tioga United Inc,Philadelphia,high,1.0,2010,2023,10,2015->2020,2023,383077,,,
Women's Community Revitalization Project (WCRP),CDC,,,Ben roster,222840188,Womens Community Revitalization Project,Philadelphia,high,0.91,2011,2023,13,,2023,11408395,,,
Wynnefield Overbrook Revitalization Corporation,CDC,,,Ben roster,830444104,Wynnfield Overbrook Revitalization Corporation,Philadelphia,high,0.99,2011,2023,13,,,337172,,,
Xiente,CDC,,,Ben roster,239233412,Xiente,Philadelphia,high,1.0,2010,2023,14,,2012; 2017; 2018; 2019; 2020,9936492,,,
ACHIEVEability,CDC,,,City CDC program,232215980,Achieveability,Philadelphia,high,1.0,2011,2022,12,,2013; 2014; 2015; 2016,842709,,,
Fairmount CDC,CDC,,,City CDC program,233094818,Fairmount Community Development Corporation,Philadelphia,high,1.0,2011,2023,13,,2012; 2021; 2022; 2023,623034,,,
Francisville Neighborhood Development Corporation,CDC,,,City CDC program,571164331,Francisville Neighborhood Development Corporation,Philadelphia,high,1.0,2011,2023,13,,2012; 2018; 2023,708650,,,
Manayunk Development Corporation,CDC,,,City CDC program,,,,none,0.0,,,0,,,,,,
Mayfair CDC,CDC,,,City CDC program,233062736,Mayfair Community Development Corp,Philadelphia,high,1.0,2010,2023,14,,,75742,,,
South of South Neighborhood Association,CDC,,,City CDC program,232555347,South Of South Neighborhood Association Inc,Philadelphia,high,1.0,2011,2023,13,,,237373,,,
Spring Garden CDC,CDC,,,City CDC program,232772462,Spring Garden Community Development Corporation,Philadelphia,high,1.0,2010,2023,14,,2011; 2013; 2022; 2023,1337844,,,
Allegheny West Foundation,CDC,,,City CDC program,231924667,Allegheny West Foundation,Philadelphia,high,1.0,2011,2022,12,,2021,1355545,,,
Village of Arts and Humanities,CDC,,,City CDC program,223045318,The Village Arts And Humanities,Philadelphia,high,1.0,2011,2023,13,,,5130521,,,
Advocate Community Development Corporation,CDC,,,Temple archives,231706238,Advocate Community Development Corporation,Philadelphia,high,1.0,,,0,,,,,"PACDC member CDC, active 2000-2004 per PACDC's own records (Temple University Special Collections Research Center).",PACDC Records (SCRC 241)
Calvary CDC,CDC,,,Temple archives,883037723,Calvary Community Cdc Inc,Philadelphia,high,1.0,,,0,,,,,"PACDC yearbook member CDC, per Temple University Special Collections Research Center PACDC records.",PACDC Records (SCRC 241)
Faith CDC,CDC,,,Temple archives,43673651,Faith Unity Inc,Bensalem,medium,0.62,2011,2023,13,,,488157,,"PACDC yearbook member CDC, per Temple University Special Collections Research Center PACDC records.",PACDC Records (SCRC 241)
Frankford United Neighbors CDC,CDC,,,Temple archives,237217565,Frankfort United Presbyterian Chruch,Hookstown,medium,0.61,,,0,,,,,"PACDC yearbook member CDC, per Temple University Special Collections Research Center PACDC records.",PACDC Records (SCRC 241)
Greater Germantown Housing Development Corporation,CDC,,,Temple archives,232024975,Greater Germantown Housing Development Corp Gghdc,Philadelphia,high,0.9,2011,2020,7,2014->2018,,-3817500,,"Active by 1976, succeeding Central Germantown Community Development Corporation; ran housing rehab and homeowner technical-assistance programs into the early 1990s. 455-page records collection at Temple's Special Collections Research Center.",Germantown Settlement Records (KER0314221)
Hunting Park Community Development Corporation,CDC,,,Temple archives,264300365,199 Hunting Park,Philadelphia,high,0.86,2011,2023,13,,,8274933,,"PACDC yearbook member CDC, per Temple University Special Collections Research Center PACDC records.",PACDC Records (SCRC 241)
Jefferson Manor Community Development Corporation,CDC,,,Temple archives,,,,none,0.3,,,0,,,,,"PACDC yearbook member CDC, per Temple University Special Collections Research Center PACDC records.",PACDC Records (SCRC 241)
Mt. Airy Village Development Corporation,CDC,,,Temple archives,260898815,Mt Airy Transit Village Inc,Philadelphia,high,0.79,2010,2024,12,2013->2015; 2019->2022,,583956,,"PACDC yearbook member CDC, per Temple University Special Collections Research Center PACDC records.",PACDC Records (SCRC 241)
People's Emergency Center CDC,CDC,,,Temple archives,,,,none,0.0,,,0,,,,,"PACDC member CDC with retail-analysis and general records, 2002-2007, per Temple University Special Collections Research Center PACDC records.",PACDC Records (SCRC 241)
Sheridan Community Development Corporation,CDC,,,Temple archives,,,,none,0.42,,,0,,,,,"PACDC yearbook member CDC, per Temple University Special Collections Research Center PACDC records.",PACDC Records (SCRC 241)
West Oak Lane CDC,CDC,,,Temple archives,232142704,West Oak Lane Community Development Corp,Philadelphia,high,1.0,2012,2023,11,2016->2018,2019; 2020; 2021,257628,,"PACDC member CDC; wrote a neighborhood commercial-corridor plan in 1995, per Temple University Special Collections Research Center PACDC records.",PACDC Records (SCRC 241)
Brewerytown CDC,CDC,,,Temple archives,473603645,Brewerytown Garden,Philadelphia,high,0.76,,,0,,,,,"PACDC member CDC, active as of 2006 per Temple University Special Collections Research Center PACDC records.",PACDC Records (SCRC 241)
Hawthorne Community Development Corporation,CDC,,,Temple archives,,,,none,0.0,,,0,,,,,"Wrote a neighborhood plan in 1995, per Temple University Special Collections Research Center PACDC records.",PACDC Records (SCRC 241)
Roxborough Development Corporation,CDC,,,Temple archives,232705347,Roxborough Development Corporation,Philadelphia,high,1.0,2011,2023,12,2014->2016,2014; 2016; 2018,793385,,"PACDC member CDC, active as of 2005 per Temple University Special Collections Research Center PACDC records.",PACDC Records (SCRC 241)
Sunrise CDC,CDC,,,Temple archives,932447863,Sunrise Aid,Mill Creek,high,0.78,,,0,,,,,"PACDC member CDC, active as of 2006 per Temple University Special Collections Research Center PACDC records.",PACDC Records (SCRC 241)
Yorktown CDC,CDC,,,Temple archives,232642355,Yorktown Community Development Corporation,Philadelphia,high,1.0,2011,2023,12,2012->2014,2012; 2014; 2015; 2016; 2017; 2018; 2019; 2020; 2021; 2022; 2023,184758,,"PACDC member CDC, active as of 2006 per Temple University Special Collections Research Center PACDC records.",PACDC Records (SCRC 241)
Tenth Memorial Non-Profit Development Corporation,CDC,,,Temple archives,222538855,Tenth Memorial Nonprofit Development Corporation,Philadelphia,high,0.98,2011,2023,13,,,1034456,,"Faith-based CDC tied to Tenth Memorial Baptist Church; PACDC correspondence lists it as a non-member org, 1993-1994.",PACDC Records (SCRC 241)
Logan Community Development Corporation,CDC,,,Temple archives,872025770,Olivet Of Logan Community Development Corporation,Philadelphia,medium,0.59,,,0,,,,,"Named in the Regional Council of Neighborhood Organizations (RCNO) records, 1986.",Regional Council of Neighborhood Organizations Records (Acc 658 et al.)
Southwest Germantown CDC,CDC,,,Temple archives,,,,none,0.0,,,0,,,,,"Named in the Regional Council of Neighborhood Organizations (RCNO) records, 1986.",Regional Council of Neighborhood Organizations Records (Acc 658 et al.)
East of Broad Community Development Corporation,CDC,,,Temple archives,,,,none,0.43,,,0,,,,,Named in the Kensington Action Now records at Temple's Special Collections Research Center.,Kensington Action Now Records (Acc 705)
South Philadelphia Community Development Corporation,CDC,,,Temple archives,991321510,Ipul South Philadelphia Inc,Philadelphia,high,0.88,,,0,,,,,"Named in the West Philadelphia Corporation records, active 1967-1969; likely long dissolved.",West Philadelphia Corporation Records (Acc 350 et al.)
Central Germantown Community Development Corporation,CDC,,,Temple archives,232888616,West Central Germantown Neighbors,Philadelphia,medium,0.71,,,0,,,,,Predecessor/counterpart to Greater Germantown Housing Development Corporation; own minutes and inter-org agreements survive through at least 1988.,Germantown Settlement Records (KER0314221)
First Baptist Church of Paschall Development Corporation,CDC,,,Temple archives,231365253,First Baptist Church,Philadelphia,high,0.82,,,0,,,,,"Faith-based CDC; filed a statement of need with Greater Germantown Housing Development Corporation, 1990.",Germantown Settlement Records (KER0314221)
Germantown Settlement,CDC,,,Temple archives,,,,none,0.0,,,0,,,,,"Founded 1934 from the merger of Morton Street Day Nursery (est. 1884) and Germantown Community Center (est. 1920). Grew into one of Philadelphia's largest CDCs before financial and governance troubles led to its collapse and dissolution in the 2000s. 455-page records collection at Temple, the largest in this find.",Germantown Settlement Records (KER0314221)
Weccacoe Development Association,CDC,,,Temple archives,222646975,Weccacoe Development Association,Philadelphia,high,1.0,2011,2015,2,2011->2015,,0,,Founded 1985 to build and rehab low- and moderate-income housing and clear vacant properties in the Weccacoe (Queen Village/Bella Vista) area.,Weccacoe Development Association Records (Acc 932)
Olde Kensington Redevelopment Corporation,CDC,,,Temple archives,834158522,Olde & South Kensington Green Space,Philadelphia,medium,0.65,2019,2023,5,,,5114,,"Chartered 1968 to develop low-cost housing in Kensington. Formed O.K. Improvement Inc. (1979) and Olde Kensington Senior Housing Associates (1982), which built Sylvia Barg Plaza (opened 1986) and dissolved after selling the building in 2014.",Olde Kensington Senior Housing Associates Records (JL0503221)
Kensington Area Revitalization Project,CDC,,,Temple archives,844037072,Fishtown Kensington Area Business Improvement District Inc,Philadelphia,medium,0.52,2020,2023,4,,2021; 2023,883529,,"Spun out of the Kensington Action Now coalition on 1980-05-09 to acquire, renovate, and sell abandoned properties.",Kensington Action Now Records (Acc 705)
Socca Community Development Corporation,CDC,,,Temple archives,,,,none,0.0,,,0,,,,,"PACDC correspondent (contact: Patricia Evans), 1994; no further detail found in the archives.",PACDC Records (SCRC 241)
West Philadelphia Economic Development Corporation,CDC,,,Temple archives,844201970,West Philadelphia Community Development Corporation,Philadelphia,high,0.79,,,0,,,,,"Named in PACDC's 1994 records; distinct from West Philadelphia Partnership/Partnership CDC, no further detail found.",PACDC Records (SCRC 241)
