org_name,ein,year,revenue,expenses,assets_eoy,net_assets_eoy,employees,volunteers,officer_comp
ACHIEVEAbility,232215980,2011,1828635,2164051,3682937,2710716,,,456079
ACHIEVEAbility,232215980,2012,2324551,2041721,4083363,2993546,,,414871
ACHIEVEAbility,232215980,2013,1217697,2182740,3425955,2028503,,,131611
ACHIEVEAbility,232215980,2014,1535005,1915519,3048057,1647989,,,204942
ACHIEVEAbility,232215980,2015,1523023,1695881,4811198,3073182,,,110002
ACHIEVEAbility,232215980,2016,1261821,2327615,3545900,2007389,,,168803
ACHIEVEAbility,232215980,2017,1740798,1890013,3601378,1858174,,,189295
ACHIEVEAbility,232215980,2018,1766597,1655529,3480757,2444242,,,146850
ACHIEVEAbility,232215980,2019,1723793,1469029,2719999,2265787,,,145598
ACHIEVEAbility,232215980,2020,1849492,1260879,3674852,2854400,,,142518
ACHIEVEAbility,232215980,2021,2564403,2111487,3969838,3307316,,,141860
ACHIEVEAbility,232215980,2022,842709,2398112,2199076,1772638,,,141859
African Cultural Alliance of North America,233062024,2011,109494,126769,261485,,,,
African Cultural Alliance of North America,233062024,2012,182288,199050,243587,,,,
African Cultural Alliance of North America,233062024,2013,179921,174047,243644,,,,
African Cultural Alliance of North America,233062024,2014,240578,222923,248671,18317,,,28586
African Cultural Alliance of North America,233062024,2015,471633,324673,398738,165277,,,56955
African Cultural Alliance of North America,233062024,2016,543124,438542,479049,269859,,,41425
African Cultural Alliance of North America,233062024,2017,656098,631555,545355,294402,,,98047
African Cultural Alliance of North America,233062024,2018,691188,650220,554555,335370,,,0
African Cultural Alliance of North America,233062024,2019,927938,890483,568819,372825,,,65297
African Cultural Alliance of North America,233062024,2020,939233,915112,824769,396946,,,96336
African Cultural Alliance of North America,233062024,2021,1846684,1568423,1135477,675207,,,81700
African Cultural Alliance of North America,233062024,2022,2819476,2303490,3562630,1268403,,,149738
African Cultural Alliance of North America,233062024,2023,2613278,2302736,4339790,1617577,,,173333
Arab American CDC,311620684,2011,16657,30571,48188,,,,
Arab American CDC,311620684,2012,31636,27282,52542,,,,
Arab American CDC,311620684,2013,33027,36200,49369,,,,
Arab American CDC,311620684,2014,23449,24829,47989,,,,
Arab American CDC,311620684,2015,17710,23452,42247,,,,
Arab American CDC,311620684,2016,34137,33775,42609,,,,
Arab American CDC,311620684,2017,106376,68747,80238,,,,
Arab American CDC,311620684,2018,93112,43598,88547,,,,
Arab American CDC,311620684,2019,56001,43021,101527,,,,
Arab American CDC,311620684,2020,62132,42182,121477,,,,
Arab American CDC,311620684,2021,83765,41296,163946,,,,
Arab American CDC,311620684,2022,53910,68024,149832,,,,
Arab American CDC,311620684,2023,235996,182840,202988,202988,,,0
Asociacion Puertorriquenos en Marcha,231930630,2011,9229964,9455701,9900595,8258174,,,218977
Asociacion Puertorriquenos en Marcha,231930630,2012,10210448,9525859,10147517,8942763,,,283839
Asociacion Puertorriquenos en Marcha,231930630,2013,12623367,12038036,12157083,9528094,,,366250
Asociacion Puertorriquenos en Marcha,231930630,2014,23296122,20885316,16538034,11938900,,,425399
Asociacion Puertorriquenos en Marcha,231930630,2015,33353076,30643848,18663722,14648128,,,448093
Asociacion Puertorriquenos en Marcha,231930630,2016,37700484,37031319,20280948,15317293,,,447898
Asociacion Puertorriquenos en Marcha,231930630,2017,38050112,38226826,20559489,15140579,,,546737
Asociacion Puertorriquenos en Marcha,231930630,2018,24541874,23974227,19070260,15708226,,,481999
Asociacion Puertorriquenos en Marcha,231930630,2019,30462380,27585481,23019379,18585125,,,461721
Asociacion Puertorriquenos en Marcha,231930630,2020,25557047,25374504,24554344,18767668,,,638863
Asociacion Puertorriquenos en Marcha,231930630,2021,29564021,25910735,27252719,22420954,,,697468
Asociacion Puertorriquenos en Marcha,231930630,2022,28280861,24991340,30881232,25710475,,,499289
Asociacion Puertorriquenos en Marcha,231930630,2023,33613538,28992406,37633792,30331607,,,498183
Beech Companies,204968928,2010,14682,14682,19224,,,,
Beech Companies,204968928,2011,22031,17207,14996,,,,
Beech Companies,204968928,2012,22827,26887,8436,,,,
Beech Companies,204968928,2013,21803,21720,8519,,,,
Beech Companies,204968928,2014,99379,96052,11846,,,,
Beech Companies,204968928,2015,98384,98912,11318,,,,
Beech Companies,204968928,2016,110931,84195,38054,,,,
Beech Companies,204968928,2017,153773,106920,84907,,,,
Beech Companies,204968928,2018,138111,162021,60997,,,,
Beech Companies,204968928,2019,146998,182586,31649,,,,
Beech Companies,204968928,2020,195782,69401,250398,,,,
Beech Companies,204968928,2021,952792,240603,1038643,863979,,,0
Beech Companies,204968928,2022,436068,369381,1090946,920274,,,0
Brewerytown-Sharswood NAC/CDC,20685211,2010,81,4824,48840,,,,
Brewerytown-Sharswood NAC/CDC,20685211,2011,270,4124,44986,,,,
Brewerytown-Sharswood NAC/CDC,20685211,2012,453,6350,39089,,,,
Brewerytown-Sharswood NAC/CDC,20685211,2013,307,6070,33326,,,,
Brewerytown-Sharswood NAC/CDC,20685211,2014,856,5735,28447,,,,
Brewerytown-Sharswood NAC/CDC,20685211,2015,750,16191,13006,,,,
Brewerytown-Sharswood NAC/CDC,20685211,2016,70128,63153,6975,,,,
Brewerytown-Sharswood NAC/CDC,20685211,2017,109265,62219,59802,,,,
Brewerytown-Sharswood NAC/CDC,20685211,2019,141080,90476,145346,,,,
Brewerytown-Sharswood NAC/CDC,20685211,2021,91500,82106,9394,,,,
Called to Serve CDC,464404323,2014,11770,11513,257,,,,
Called to Serve CDC,464404323,2015,25956,24978,1235,,,,
Called to Serve CDC,464404323,2016,45046,44524,11757,,,,
Called to Serve CDC,464404323,2017,82113,56318,27552,,,,
Called to Serve CDC,464404323,2018,93363,96675,24240,,,,
Called to Serve CDC,464404323,2019,194659,123755,110144,95144,,,0
Called to Serve CDC,464404323,2020,359662,363523,143899,91283,,,0
Called to Serve CDC,464404323,2021,451513,356704,201563,186092,,,65423
Called to Serve CDC,464404323,2022,1872045,810687,1448988,1310450,,,63000
Called to Serve CDC,464404323,2023,883926,544834,1969811,1928186,,,68000
Centennial Parkside CDC,474815728,2016,76016,41144,45956,35956,,,0
Centennial Parkside CDC,474815728,2017,59943,86510,56245,56126,,,0
Centennial Parkside CDC,474815728,2018,572977,151859,477244,477244,,,0
Centennial Parkside CDC,474815728,2019,511290,251071,737463,737463,,,0
Centennial Parkside CDC,474815728,2020,524711,274459,1116571,987715,,,58000
Centennial Parkside CDC,474815728,2021,310858,479984,942290,818589,,,66916
Centennial Parkside CDC,474815728,2022,468133,506327,1054159,780395,,,59731
Centennial Parkside CDC,474815728,2023,812649,634863,1182481,958181,,,64417
Chestnut Hill CDC,274673757,2011,0,0,1,,,,
Chestnut Hill CDC,274673757,2012,0,0,1,,,,
Chestnut Hill CDC,274673757,2013,0,0,1,,,,
Chestnut Hill CDC,274673757,2014,100562,84818,15744,,,,
Chestnut Hill CDC,274673757,2015,94395,68685,41454,,,,
Chestnut Hill CDC,274673757,2016,86400,84983,42871,,,,
Chestnut Hill CDC,274673757,2017,85951,95124,33698,,,,
Chestnut Hill CDC,274673757,2018,272069,303142,2625,2625,,,50561
Chestnut Hill CDC,274673757,2019,95100,74048,23677,,,,
Chestnut Hill CDC,274673757,2020,145076,129721,61232,,,,
Chestnut Hill CDC,274673757,2021,107955,103106,43926,,,,
Chestnut Hill CDC,274673757,2022,131681,88981,86581,,,,
Chestnut Hill CDC,274673757,2023,78725,72737,92569,,,,
Community of Compassion CDC,331035662,2021,198846,109633,90325,,,,
Community Ventures,232462126,2010,1940862,874853,10517974,4630692,,,118608
Community Ventures,232462126,2011,5313423,5068845,11061691,4875270,,,200410
Community Ventures,232462126,2012,5197469,5235796,10209670,4836943,,,177675
Community Ventures,232462126,2013,6718511,6659896,5605430,4895558,,,141260
Community Ventures,232462126,2014,1006484,1033219,6381699,4868823,,,99167
Community Ventures,232462126,2015,4328757,3626150,7990445,5571430,,,106790
Community Ventures,232462126,2016,3174324,2670555,7060061,6075199,,,113927
Community Ventures,232462126,2017,5728742,1092536,11806021,10711405,,,115150
Community Ventures,232462126,2018,4544227,1617252,14611882,13638380,,,118836
Community Ventures,232462126,2019,2419339,1142554,15890310,14915165,,,119717
Community Ventures,232462126,2020,4232251,1266200,18419413,17881216,,,130190
Community Ventures,232462126,2021,1369204,1438999,18118197,17811421,,,131168
Community Ventures,232462126,2022,1560468,1510598,18608885,17861291,,,137454
Community Ventures,232462126,2023,1640458,1668071,18479436,17833678,,,392114
East Falls Development Corporation,232805925,2010,440004,475054,438560,426153,,,50923
East Falls Development Corporation,232805925,2011,209792,214225,481192,421720,,,50923
East Falls Development Corporation,232805925,2012,263211,255679,443563,429252,,,81202
East Falls Development Corporation,232805925,2013,171012,243393,367360,356871,,,82581
East Falls Development Corporation,232805925,2014,155535,164112,369392,348294,,,60795
East Falls Development Corporation,232805925,2015,227509,182986,606856,392817,,,55862
East Falls Development Corporation,232805925,2016,186036,170794,615770,408059,,,60089
East Falls Development Corporation,232805925,2017,203875,159690,649720,452244,,,53651
East Falls Development Corporation,232805925,2018,161972,196989,601409,417227,,,57478
East Falls Development Corporation,232805925,2019,186980,177950,604593,426257,,,0
East Falls Development Corporation,232805925,2020,187520,161053,465015,457633,,,9801
East Falls Development Corporation,232805925,2021,493883,525557,444759,425959,,,40213
East Falls Development Corporation,232805925,2022,243070,201190,490372,467839,,,65388
East Falls Development Corporation,232805925,2023,271935,265146,494172,474628,,,75089
The Enterprise Center CDC,300002632,2012,2454132,2370202,7844384,2585141,,,0
The Enterprise Center CDC,300002632,2013,3018364,903678,8270875,4663960,,,0
The Enterprise Center CDC,300002632,2014,1822938,1296688,8191110,5190210,,,0
The Enterprise Center CDC,300002632,2015,1909488,1635505,8018466,5464193,,,0
The Enterprise Center CDC,300002632,2016,1688306,1659261,7818966,5493238,,,0
The Enterprise Center CDC,300002632,2017,2581503,1465906,8893885,6608835,,,0
The Enterprise Center CDC,300002632,2018,1615412,1901955,8623580,6322292,,,0
The Enterprise Center CDC,300002632,2019,1900302,1566180,8773895,6656414,,,0
The Enterprise Center CDC,300002632,2020,1819382,1511806,9562686,6963990,,,0
The Enterprise Center CDC,300002632,2021,2086558,1987843,9986722,7062705,,,120031
The Enterprise Center CDC,300002632,2022,3926545,3197611,13898762,7786641,,,0
The Enterprise Center CDC,300002632,2023,3539141,3833590,27796434,7393025,,,0
Esperanza,232552707,2011,6545793,6645099,7136887,5179302,,,514543
Esperanza,232552707,2012,6856656,6954867,6137099,5081091,,,612144
Esperanza,232552707,2013,8347622,8455938,6013833,4972775,,,624869
Esperanza,232552707,2014,11855236,8320461,10698857,8507550,,,496297
Esperanza,232552707,2015,11254626,8578552,14090587,11183624,,,439330
Esperanza,232552707,2016,8776229,12550850,10983636,7409003,,,840871
Esperanza,232552707,2017,8414632,8242402,10643999,7581233,,,840456
Esperanza,232552707,2018,9414737,8909541,10732341,8086429,,,610881
Esperanza,232552707,2019,8609201,8402862,11951310,8292768,,,796340
Esperanza,232552707,2020,10961159,8664252,17535597,10589675,,,750509
Esperanza,232552707,2021,12218705,8471132,22032264,14337248,,,772032
Esperanza,232552707,2022,11856124,10142179,25298175,16048815,,,714757
Esperanza,232552707,2023,13454615,13006335,44544879,16498054,,,739206
Fairmount CDC,233094818,2011,711751,270694,701737,689703,,,66405
Fairmount CDC,233094818,2012,248738,460495,262611,252946,,,0
Fairmount CDC,233094818,2013,221077,322038,172273,151985,,,75654
Fairmount CDC,233094818,2014,235527,250854,138714,136658,,,78966
Fairmount CDC,233094818,2015,151133,169833,121321,117961,,,60656
Fairmount CDC,233094818,2016,182997,148552,152406,152406,,,67494
Fairmount CDC,233094818,2017,182579,179336,158313,155649,,,76689
Fairmount CDC,233094818,2018,185775,185167,166065,156257,,,73950
Fairmount CDC,233094818,2019,226755,183198,216882,199814,,,71941
Fairmount CDC,233094818,2020,156875,195627,200696,161062,,,61075
Fairmount CDC,233094818,2021,212779,209864,305927,163977,,,20020
Fairmount CDC,233094818,2022,324266,215167,394032,273076,,,26250
Fairmount CDC,233094818,2023,623034,249100,951088,647010,,,65000
Frankford CDC,232738932,2011,212999,148928,1416718,71254,,,0
Frankford CDC,232738932,2012,136392,161646,1456208,46000,,,0
Frankford CDC,232738932,2013,212789,149675,1346333,129114,,,0
Frankford CDC,232738932,2014,291805,231955,1461980,307158,,,64000
Frankford CDC,232738932,2015,451997,457413,1539672,290205,,,76000
Frankford CDC,232738932,2016,859002,353673,2084290,878899,,,75952
Frankford CDC,232738932,2017,653592,383277,2419579,1152046,,,0
Frankford CDC,232738932,2018,617955,597051,1436340,414312,,,0
Frankford CDC,232738932,2019,673798,633855,1918930,2274863,,,0
Frankford CDC,232738932,2020,787351,624196,2257070,981411,,,0
Frankford CDC,232738932,2021,1489751,681307,3497736,1789855,,,0
Frankford CDC,232738932,2022,1161717,833567,4113781,2118006,,,0
Frankford CDC,232738932,2023,3208911,1257929,10121892,4643988,,,0
Germantown United CDC,453739378,2015,233120,164103,133688,106597,,,30000
Germantown United CDC,453739378,2016,423546,253922,312263,276221,,,50384
Germantown United CDC,453739378,2017,349842,234725,405427,345597,,,51558
Germantown United CDC,453739378,2018,166689,342736,224966,169550,,,53045
Germantown United CDC,453739378,2019,462738,439591,243783,192697,,,51471
Germantown United CDC,453739378,2020,347686,337494,247065,185818,,,67692
Germantown United CDC,453739378,2021,537439,482882,299367,240375,,,63242
Germantown United CDC,453739378,2022,612479,462122,468748,390732,,,73192
Germantown United CDC,453739378,2023,606368,604625,458673,392475,,,73000
Habitat for Humanity Philadelphia,421580163,2011,1644750,1558772,4970198,2646280,,,0
Habitat for Humanity Philadelphia,421580163,2012,3209723,2949673,5192500,2905629,,,0
Habitat for Humanity Philadelphia,421580163,2013,3459863,2720419,5975755,3648545,,,0
Habitat for Humanity Philadelphia,421580163,2014,4476895,3848492,6643397,4289649,,,0
Habitat for Humanity Philadelphia,421580163,2015,5097998,4664802,7031392,4722027,,,0
Habitat for Humanity Philadelphia,421580163,2016,5195601,5586454,6646533,4324199,,,0
Habitat for Humanity Philadelphia,421580163,2017,6601532,7166495,6273859,4174316,,,0
Habitat for Humanity Philadelphia,421580163,2018,4852580,5754284,6210954,3687570,,,0
Habitat for Humanity Philadelphia,421580163,2019,8236308,6581261,7901946,5794466,,,0
Habitat for Humanity Philadelphia,421580163,2020,7765124,6327446,10887619,7880217,,,0
Habitat for Humanity Philadelphia,421580163,2021,10443619,10675667,10780964,8198266,,,0
Habitat for Humanity Philadelphia,421580163,2022,15243125,8576154,20358278,15139381,,,0
Habitat for Humanity Philadelphia,421580163,2023,8309601,8967978,22774728,14739543,,,0
HumanGood East,232828862,2016,0,0,8137500,8137500,,,0
HumanGood East,232828862,2017,0,0,8137500,8137500,,,0
HumanGood East,232828862,2018,1023440,24427,10306565,9136513,,,0
HumanGood East,232828862,2019,65998,20778,10372563,1044233,,,0
HumanGood East,232828862,2020,42684,21753,10416682,1065164,,,0
HumanGood East,232828862,2022,89186,32689,10225187,702618,,,0
HumanGood East,232828862,2023,0,24307,10225187,678311,,,0
Impact Services Corporation,232087348,2011,9981902,9840090,8477454,5381802,,,380045
Impact Services Corporation,232087348,2012,9703275,10141929,7884367,4943148,,,411294
Impact Services Corporation,232087348,2013,9949055,10230954,7540406,4665425,,,312488
Impact Services Corporation,232087348,2014,9191020,9761042,7261820,4209838,,,528469
Impact Services Corporation,232087348,2015,9328366,10720847,6004148,2655105,,,502764
Impact Services Corporation,232087348,2016,9612084,9891954,6114213,2992234,,,675449
Impact Services Corporation,232087348,2017,8703721,9525178,5890268,1554531,,,557669
Impact Services Corporation,232087348,2018,10729921,10483768,7076091,1800684,,,610949
Impact Services Corporation,232087348,2019,12661426,12453893,8866753,2008217,,,0
Impact Services Corporation,232087348,2020,11279045,11705525,8858726,1581737,,,0
Impact Services Corporation,232087348,2021,12440470,11240041,10268783,2782160,,,0
Impact Services Corporation,232087348,2022,12280206,11675076,11137240,2861889,,,0
Impact Services Corporation,232087348,2023,13359196,13444546,14572801,3364927,,,462664
Inglis,231352284,2011,48792463,49386677,145043598,107811085,,,174316
Inglis,231352284,2012,46442079,50733759,137688492,96210378,,,0
Inglis,231352284,2013,51248375,51744368,145590756,105350507,,,0
Inglis,231352284,2014,56029890,53635825,159290334,115469837,,,0
Inglis,231352284,2015,57046882,54257338,153029186,107614360,,,0
Inglis,231352284,2016,47417931,53157257,131486393,90612778,,,0
Inglis,231352284,2017,46331247,50305160,107462790,94902182,,,0
Inglis,231352284,2018,40700284,51345255,90802884,79043249,,,0
Inglis,231352284,2019,43563431,54503100,80035997,65982646,,,0
Inglis,231352284,2020,43396095,54097340,67456945,51436037,,,0
Inglis,231352284,2021,38126142,53764621,75791882,48458900,,,0
Inglis,231352284,2022,34233480,57884758,64391301,16986640,,,0
Inglis,231352284,2023,36544478,50095049,67343533,6332454,,,0
Jumpstart Tioga,833840366,2019,5346,3724,1622,,,,
Korean Community Development Services Center,232303766,2011,1318732,1490013,1900783,1874301,,,0
Korean Community Development Services Center,232303766,2012,1338398,1393191,1864949,1819508,,,0
Korean Community Development Services Center,232303766,2013,1422009,1264685,2021765,1976832,,,0
Korean Community Development Services Center,232303766,2014,1335594,1269974,2123547,2042452,,,0
Korean Community Development Services Center,232303766,2015,1581129,1214186,2646027,2409395,,,0
Korean Community Development Services Center,232303766,2016,1470876,1236767,3804651,2643504,,,30000
Korean Community Development Services Center,232303766,2017,1733761,1501992,3525383,2875273,,,30000
Korean Community Development Services Center,232303766,2018,1787049,1631179,3962936,3031145,,,30000
Korean Community Development Services Center,232303766,2019,1567920,1425869,3829515,3173194,,,0
Korean Community Development Services Center,232303766,2020,1565558,1360135,3931923,3378617,,,0
Korean Community Development Services Center,232303766,2021,2245027,1283199,4539778,4315894,,,0
Korean Community Development Services Center,232303766,2022,1940181,1189288,5298112,5060234,,,0
Korean Community Development Services Center,232303766,2023,1710276,1447593,5233437,5163483,,,0
Lancaster Avenue 21st Century Business Association CDC,900502551,2015,5975,2375,3600,,,,
Lancaster Avenue 21st Century Business Association CDC,900502551,2016,16600,17318,2391,,,,
Lancaster Avenue 21st Century Business Association CDC,900502551,2019,72583,73877,7094,7094,,,14350
Lancaster Avenue 21st Century Business Association CDC,900502551,2020,136845,130599,13340,13340,,,47430
Lancaster Avenue 21st Century Business Association CDC,900502551,2021,431487,418041,51538,26786,,,72754
Lancaster Avenue 21st Century Business Association CDC,900502551,2022,673342,597903,117142,102225,,,181659
Lancaster Avenue 21st Century Business Association CDC,900502551,2023,935900,928975,257617,109150,,,273603
Lower North Philadelphia CDC,823231994,2020,52494,30397,22097,,,,
The Maple Corporation,236432397,2011,588687,418222,1278842,1255375,,,0
The Maple Corporation,236432397,2012,574130,402603,1341205,1313548,,,0
The Maple Corporation,236432397,2013,583781,481736,1330847,1306009,,,0
The Maple Corporation,236432397,2014,598847,792120,1172942,1120554,,,0
The Maple Corporation,236432397,2015,599185,857148,1101046,985497,,,0
The Maple Corporation,236432397,2016,614320,603482,1039259,996335,,,0
The Maple Corporation,236432397,2017,4694762,934665,4844852,4832327,,,229265
The Maple Corporation,236432397,2018,117724,365681,4589849,4570382,,,107020
The Maple Corporation,236432397,2019,185785,399898,4473751,4454726,,,152365
The Maple Corporation,236432397,2020,221132,359535,4214673,4156951,,,179225
The Maple Corporation,236432397,2021,253876,322359,4264617,4249815,,,106166
The Maple Corporation,236432397,2022,390466,381672,3932256,3921955,,,116650
The Maple Corporation,236432397,2023,205245,363701,3786863,3734119,,,117274
Mission First Housing Group,455470563,2014,0,0,1,,,,
Mission First Housing Group,455470563,2015,311043,251566,160372,59477,,,0
Mission First Housing Group,455470563,2016,169909,499114,296065,-213690,,,0
Mission First Housing Group,455470563,2017,303170,500917,460641,-571659,,,0
Mission First Housing Group,455470563,2018,181039,491643,190594,-1150672,,,0
Mission First Housing Group,455470563,2019,235001,489110,70246,-1439981,,,0
Mission First Housing Group,455470563,2020,494275,719210,327057,-1637316,,,0
Mission First Housing Group,455470563,2021,182915,755328,146738,-2311582,,,0
Mission First Housing Group,455470563,2022,537554,521492,2338626,-1293551,,,0
Mission First Housing Group,455470563,2023,815573,1071379,3411196,-1224217,,,0
Mt Airy CDC,222526396,2010,2957443,3163599,6759161,1061213,,,19904
Mt Airy CDC,222526396,2011,521564,604110,2704579,1279187,,,56875
Mt Airy CDC,222526396,2012,1544092,1333079,3054215,1490200,,,125586
Mt Airy CDC,222526396,2013,2146441,901595,4325660,2271669,,,109007
Mt Airy CDC,222526396,2014,1635558,1836917,5951149,1744245,,,111654
Mt Airy CDC,222526396,2015,1430705,1399506,5234657,1002445,,,124558
Mt Airy CDC,222526396,2016,1971985,1639586,5429040,1334844,,,126613
Mt Airy CDC,222526396,2017,1523740,1956958,5137709,901626,,,130103
Mt Airy CDC,222526396,2018,2555049,2276652,5585286,1180023,,,135206
Mt Airy CDC,222526396,2019,1821302,2136371,4898653,864954,,,147906
Mt Airy CDC,222526396,2020,1439051,1727637,4211074,576368,,,148141
Mt Airy CDC,222526396,2021,2321869,1598466,5043818,1299771,,,161890
Mt Airy CDC,222526396,2022,1347385,1970528,4418173,676628,,,67152
Mt Airy CDC,222526396,2023,1649524,1772245,4862765,553907,,,140122
Mt Vernon Manor CDC,232037301,2010,754048,831989,1391026,-723049,,,0
Mt Vernon Manor CDC,232037301,2011,684707,980391,1230472,-1095292,,,0
Mt Vernon Manor CDC,232037301,2012,1504794,437486,665252,-27984,,,0
Mt Vernon Manor CDC,232037301,2013,689451,209076,1025383,452391,,,0
Mt Vernon Manor CDC,232037301,2014,67667,253581,894978,266477,,,0
Mt Vernon Manor CDC,232037301,2015,1022515,187869,1626009,1050550,,,38077
Mt Vernon Manor CDC,232037301,2016,214699,467953,1436330,797296,,,60000
Mt Vernon Manor CDC,232037301,2017,1257856,270509,2338708,1784643,,,61100
Mt Vernon Manor CDC,232037301,2018,621983,289795,2734808,2231431,,,61200
Mt Vernon Manor CDC,232037301,2019,902663,542812,3525178,2591282,,,76283
Mt Vernon Manor CDC,232037301,2020,817904,589729,5401996,2819457,,,70056
Mt Vernon Manor CDC,232037301,2021,1338263,992656,6400736,3534805,,,69084
Mt Vernon Manor CDC,232037301,2022,1581079,1228103,6692265,3887781,,,68252
Mt Vernon Manor CDC,232037301,2023,1967321,1328773,7402020,4526329,,,0
Newbold CDC,542184458,2016,25279,28578,8773,,,,
Newbold CDC,542184458,2017,73655,46353,37185,,,,
Newbold CDC,542184458,2018,38108,31188,43687,,,,
Newbold CDC,542184458,2019,10765,33724,20077,,,,
Newbold CDC,542184458,2022,28689,15564,15294,,,,
Newbold CDC,542184458,2023,6708,16093,5637,,,,
New Kensington CDC,222610536,2011,2228490,1923737,3590197,2581429,,,95957
New Kensington CDC,222610536,2012,1913928,1845274,3376587,2650083,,,97964
New Kensington CDC,222610536,2013,2301460,2215905,3603250,2735638,,,101049
New Kensington CDC,222610536,2014,1911109,1805355,3901835,2841392,,,101565
New Kensington CDC,222610536,2015,2051644,2098951,5521014,2794085,,,104577
New Kensington CDC,222610536,2016,6702762,6235289,8191881,3261558,,,109774
New Kensington CDC,222610536,2017,8503812,8077816,6320112,3687554,,,262222
New Kensington CDC,222610536,2018,3144136,2504862,7019642,4326828,,,231086
New Kensington CDC,222610536,2019,3598146,2566936,8174018,5358038,,,225515
New Kensington CDC,222610536,2020,3754620,3094027,9320142,6018631,,,252852
New Kensington CDC,222610536,2021,4201453,3123114,10615828,7096970,,,205577
New Kensington CDC,222610536,2022,3789688,3922125,10732442,7266772,,,223154
New Kensington CDC,222610536,2023,3943941,4575064,10006839,6503212,,,0
Nicetown CDC,233061705,2011,1225099,1147092,578929,106967,,,99985
Nicetown CDC,233061705,2012,810392,661606,418626,255753,,,149063
Nicetown CDC,233061705,2013,763381,654607,567876,364527,,,124991
Nicetown CDC,233061705,2014,534565,519667,537743,379425,,,131473
Nicetown CDC,233061705,2015,622695,590405,694631,411715,,,124801
Nicetown CDC,233061705,2016,595200,630756,636252,376159,,,124999
Nicetown CDC,233061705,2017,732891,712152,530298,396898,,,124999
Nicetown CDC,233061705,2018,579896,553541,556694,423253,,,51874
Nicetown CDC,233061705,2019,657500,700889,498602,375149,,,81000
Nicetown CDC,233061705,2020,1300557,1574685,516673,116255,,,265932
Nicetown CDC,233061705,2021,1324840,1425556,586748,15539,,,212458
Nicetown CDC,233061705,2022,2123846,2267355,585147,-71627,,,204995
Nicetown CDC,233061705,2023,3092233,2932077,938187,88529,,,249359
Norris Square Community Alliance,261297642,2011,104603,6593,1031755,169590,,,0
Norris Square Community Alliance,261297642,2012,98877,14297,1533716,254170,,,0
Norris Square Community Alliance,261297642,2013,1343901,193616,3315661,1404455,,,0
Norris Square Community Alliance,261297642,2014,1343901,193616,3315661,1404455,,,0
Norris Square Community Alliance,261297642,2015,311823,327390,2968594,1762090,,,0
Norris Square Community Alliance,261297642,2016,390419,344315,2974966,1808194,,,0
Norris Square Community Alliance,261297642,2017,84022,234946,2722833,1657270,,,0
Norris Square Community Alliance,261297642,2018,80353,118756,2657852,1618867,,,0
Norris Square Community Alliance,261297642,2019,26259,155217,2567379,1489909,,,0
Norris Square Community Alliance,261297642,2020,17891,419509,2499500,1088291,,,0
Norris Square Community Alliance,261297642,2021,9559,244887,2459315,852963,,,39990
Norris Square Community Alliance,261297642,2022,13643,182284,2456010,684322,,,39858
Norris Square Community Alliance,261297642,2023,32962,230629,2423906,486655,,,43740
Old City District,232176305,2011,18247,17660,24831,,,,
Old City District,232176305,2012,26600,15096,36335,,,,
Old City District,232176305,2013,5850,14705,27480,,,,
Old City District,232176305,2014,805,4801,23484,,,,
Old City District,232176305,2015,650,4807,19327,,,,
Old City District,232176305,2016,53076,54985,17418,,,,
Old City District,232176305,2017,13090,9831,20677,,,,
Old City District,232176305,2018,13791,17898,16570,,,,
Old City District,232176305,2019,32758,39992,9336,,,,
Old City District,232176305,2020,13988,11068,12256,,,,
Old City District,232176305,2021,11892,6674,17474,,,,
Old City District,232176305,2022,14713,14435,17752,,,,
Old City District,232176305,2023,11342,16568,12526,,,,
Overbrook West Neighbors CDC,824449937,2019,232747,26037,232747,0,,,0
Overbrook West Neighbors CDC,824449937,2020,1050,3605,206681,206681,,,0
Overbrook West Neighbors CDC,824449937,2021,76043,73861,209303,,,,
Overbrook West Neighbors CDC,824449937,2022,412333,271817,349379,349379,,,0
Overbrook West Neighbors CDC,824449937,2023,410265,149461,610183,610183,,,0
Oxford Circle Christian Community Development Association,204984694,2011,825008,643443,4233438,651311,,,25000
Oxford Circle Christian Community Development Association,204984694,2012,818966,628082,4209312,842195,,,25600
Oxford Circle Christian Community Development Association,204984694,2013,828213,738001,4095917,932407,,,32200
Oxford Circle Christian Community Development Association,204984694,2014,740318,713851,3944269,958874,,,32200
Oxford Circle Christian Community Development Association,204984694,2015,968546,799896,4021025,1127524,,,33166
Oxford Circle Christian Community Development Association,204984694,2016,1063968,917664,4047117,1273828,,,35961
Oxford Circle Christian Community Development Association,204984694,2017,962059,884835,4040273,1351052,,,46129
Oxford Circle Christian Community Development Association,204984694,2018,973144,1111353,3853838,1212843,,,55200
Oxford Circle Christian Community Development Association,204984694,2019,1778120,1402458,4051347,1588505,,,64871
Oxford Circle Christian Community Development Association,204984694,2021,2935048,2055268,5243416,2699887,,,66365
Oxford Circle Christian Community Development Association,204984694,2022,2331695,2504340,4911323,2527242,,,71708
Oxford Circle Christian Community Development Association,204984694,2023,2992304,2844067,5306166,2816291,,,0
Philadelphia Chinatown Development Corporation,237439723,2011,853443,795650,2765152,2535574,,,0
Philadelphia Chinatown Development Corporation,237439723,2012,575062,599130,2776661,2511506,,,74200
Philadelphia Chinatown Development Corporation,237439723,2013,1475841,576534,4034968,3268010,,,74200
Philadelphia Chinatown Development Corporation,237439723,2014,1509753,516425,4666228,4261338,,,74492
Philadelphia Chinatown Development Corporation,237439723,2015,1460326,548367,5670307,5173297,,,78200
Philadelphia Chinatown Development Corporation,237439723,2016,1724969,589404,7259883,6308862,,,86250
Philadelphia Chinatown Development Corporation,237439723,2017,1204252,840150,19308667,6672964,,,81900
Philadelphia Chinatown Development Corporation,237439723,2018,7117291,1095857,24002982,12694398,,,82561
Philadelphia Chinatown Development Corporation,237439723,2019,3128895,1600137,25969980,14223156,,,92633
Philadelphia Chinatown Development Corporation,237439723,2020,1258161,1591493,21685841,14457981,,,87633
Philadelphia Chinatown Development Corporation,237439723,2021,4027895,1832789,22012697,15105672,,,100790
Philadelphia Chinatown Development Corporation,237439723,2022,5220135,1997812,21235360,14932001,,,102034
Philadelphia Chinatown Development Corporation,237439723,2023,2537285,2153879,24095150,17580285,,,87633
Project HOME,232555950,2011,16159898,12931878,45206986,39550765,,,173840
Project HOME,232555950,2012,18978437,15618757,55445395,43067498,,,274345
Project HOME,232555950,2013,29305070,20571476,74806989,52122008,,,288150
Project HOME,232555950,2014,27894945,22783078,88879419,59328720,,,349673
Project HOME,232555950,2015,31903822,23951469,92763244,67157967,,,336438
Project HOME,232555950,2016,28290212,26869250,92416550,68416298,,,346089
Project HOME,232555950,2017,30339467,27453247,97553200,72494679,,,518809
Project HOME,232555950,2018,45296481,31597159,112474247,87205070,,,648642
Project HOME,232555950,2019,44724588,36436273,120883107,95604764,,,688751
Project HOME,232555950,2020,51500818,37134462,130744744,110035368,,,523610
Project HOME,232555950,2021,48160499,49611648,138024120,116111229,,,562714
Project HOME,232555950,2022,58435083,43312102,141488039,123037728,,,536840
Project HOME,232555950,2023,73793942,46431246,184346820,153908818,,,1205611
Southwest CDC,232491247,2011,861911,883858,473936,161683,,,77648
Southwest CDC,232491247,2012,749208,799347,481720,111544,,,104250
Southwest CDC,232491247,2013,811374,725928,509199,196990,,,123152
Southwest CDC,232491247,2014,765921,722825,523756,240086,,,145212
Southwest CDC,232491247,2015,811818,814516,559004,237388,,,0
Southwest CDC,232491247,2016,886890,896061,559471,228217,,,152329
Southwest CDC,232491247,2017,812324,891767,497461,148774,,,82030
Southwest CDC,232491247,2018,838740,861795,476562,125719,,,77724
Southwest CDC,232491247,2019,988098,938730,532754,175087,,,80657
Southwest CDC,232491247,2020,892657,979025,540767,88719,,,86395
Southwest CDC,232491247,2021,1815955,1297839,841086,606835,,,87984
Southwest CDC,232491247,2022,1437720,1430697,741928,521990,,,92039
Southwest CDC,232491247,2023,1870132,1590698,1020613,801424,,,93031
Tacony CDC,233052060,2012,107711,125139,680736,673995,,,0
Tacony CDC,233052060,2012,107711,125139,680736,,,,
Tacony CDC,233052060,2013,18935,198474,496445,494456,,,0
Tacony CDC,233052060,2014,196884,291453,401782,399887,,,0
Tacony CDC,233052060,2015,223603,193707,431900,429783,,,60500
Tacony CDC,233052060,2016,162075,233095,361122,358763,,,63250
Tacony CDC,233052060,2017,223303,230764,353754,351302,,,65000
Tacony CDC,233052060,2018,172679,160287,366069,363694,,,67500
Tacony CDC,233052060,2019,196289,235903,326495,324080,,,67500
Tacony CDC,233052060,2020,241342,262086,445070,303336,,,72500
Tacony CDC,233052060,2021,287370,253760,465080,336946,,,72500
Tacony CDC,233052060,2022,263484,364641,357823,235789,,,63968
Tacony CDC,233052060,2023,321622,483370,194163,74041,,,88615
Tacony CDC,233052060,2024,414614,364660,242208,123995,,,106103
Tioga United,233101958,2010,229997,86783,558594,189602,,,0
Tioga United,233101958,2011,36442,33138,540053,-81365,,,0
Tioga United,233101958,2012,141396,44860,612325,-9093,,,0
Tioga United,233101958,2013,215973,261362,456113,-51304,,,0
Tioga United,233101958,2014,70790,424114,483618,-23799,,,0
Tioga United,233101958,2015,44883,99379,75456,-431961,,,0
Tioga United,233101958,2020,142451,113118,23843,,,,
Tioga United,233101958,2021,188936,174048,23371,,,,
Tioga United,233101958,2022,371185,361727,46134,30218,,,71467
Tioga United,233101958,2023,383077,393388,0,0,,,0
Women's Community Revitalization Project,222840188,2011,2564756,2653705,5926925,5519440,,,121293
Women's Community Revitalization Project,222840188,2012,2423973,2482958,5895498,5502764,,,126126
Women's Community Revitalization Project,222840188,2013,2212962,2621814,5369869,5122435,,,126319
Women's Community Revitalization Project,222840188,2014,1413451,1609587,5169049,4948002,,,124365
Women's Community Revitalization Project,222840188,2015,1814466,1443769,5552200,5320744,,,105094
Women's Community Revitalization Project,222840188,2016,1274173,1650665,5301438,4940415,,,101046
Women's Community Revitalization Project,222840188,2017,2081307,1564412,5972271,5518251,,,103050
Women's Community Revitalization Project,222840188,2018,1551109,1648755,5965268,5455688,,,126192
Women's Community Revitalization Project,222840188,2019,1632372,1979428,6203714,5096250,,,136233
Women's Community Revitalization Project,222840188,2020,2679806,2207866,6853134,5568190,,,140425
Women's Community Revitalization Project,222840188,2021,2768637,2152079,7125854,6184748,,,140520
Women's Community Revitalization Project,222840188,2022,3047734,2197623,9373315,7034859,,,140520
Women's Community Revitalization Project,222840188,2023,11408395,2623365,18963351,15819889,,,91943
Wynnefield Overbrook Revitalization Corporation,830444104,2011,111000,45421,207498,,,,
Wynnefield Overbrook Revitalization Corporation,830444104,2012,116025,134581,185306,,,,
Wynnefield Overbrook Revitalization Corporation,830444104,2013,211856,188325,210708,208837,,,75000
Wynnefield Overbrook Revitalization Corporation,830444104,2014,204012,151825,262951,261024,,,77250
Wynnefield Overbrook Revitalization Corporation,830444104,2015,162814,211287,213895,212551,,,77250
Wynnefield Overbrook Revitalization Corporation,830444104,2016,283430,261788,236241,234193,,,82250
Wynnefield Overbrook Revitalization Corporation,830444104,2017,242409,214148,263480,262454,,,87250
Wynnefield Overbrook Revitalization Corporation,830444104,2018,201067,244186,219735,219335,,,87750
Wynnefield Overbrook Revitalization Corporation,830444104,2019,266465,258162,255460,227638,,,85000
Wynnefield Overbrook Revitalization Corporation,830444104,2020,142236,249739,125041,,,,
Wynnefield Overbrook Revitalization Corporation,830444104,2021,176823,244686,63310,,,,
Wynnefield Overbrook Revitalization Corporation,830444104,2022,453597,317263,176444,168606,,,72500
Wynnefield Overbrook Revitalization Corporation,830444104,2023,337172,307431,209244,198347,,,70000
Center City District,232701217,2011,2308919,2319802,2403486,45971,,,0
Center City District,232701217,2012,1104165,1123278,1617017,26858,,,0
Center City District,232701217,2013,830073,831451,802958,25480,,,0
Center City District,232701217,2014,1125370,563478,1002747,587372,,,0
Center City District,232701217,2015,211645,216976,685808,582041,,,0
Center City District,232701217,2016,1461089,469720,1784548,1573410,,,0
Center City District,232701217,2017,741442,336029,2000840,1978823,,,0
Center City District,232701217,2018,1113478,1977765,2186465,1114536,,,0
Center City District,232701217,2019,832256,852458,1152889,1064334,,,0
Center City District,232701217,2020,613711,661204,1418722,1016841,,,0
Center City District,232701217,2021,471631,576164,1351875,912308,,,0
Center City District,232701217,2022,1046256,1074047,1193872,884517,,,0
Center City District,232701217,2023,1085467,1592545,1088633,377439,,,0
Chestnut Hill Business Improvement District,841629688,2011,204782,161952,87248,87248,,,0
Chestnut Hill Business Improvement District,841629688,2012,270384,239419,118213,118213,,,0
Chestnut Hill Business Improvement District,841629688,2013,242812,298280,62745,62745,,,0
Chestnut Hill Business Improvement District,841629688,2014,238921,268857,32809,32809,,,0
Chestnut Hill Business Improvement District,841629688,2015,342850,332543,43116,43116,,,0
Chestnut Hill Business Improvement District,841629688,2016,351074,342064,52126,52126,,,0
Chestnut Hill Business Improvement District,841629688,2017,335381,323046,64461,64461,,,0
Chestnut Hill Business Improvement District,841629688,2018,330793,354724,40530,40530,,,0
Chestnut Hill Business Improvement District,841629688,2019,333965,358743,15752,15752,,,0
Chestnut Hill Business Improvement District,841629688,2020,348241,347049,16944,16944,,,0
Chestnut Hill Business Improvement District,841629688,2021,371872,342906,45910,45910,,,0
Chestnut Hill Business Improvement District,841629688,2022,396504,301982,140432,140432,,,0
Chestnut Hill Business Improvement District,841629688,2023,360279,386659,114052,114052,,,7623
East Passyunk Business Improvement District,134237027,2010,333144,336169,152874,148674,,,69808
East Passyunk Business Improvement District,134237027,2011,269396,225642,220699,208699,,,70000
East Passyunk Business Improvement District,134237027,2012,247784,257280,202703,199203,,,71696
East Passyunk Business Improvement District,134237027,2013,249766,278955,258514,170014,,,74263
East Passyunk Business Improvement District,134237027,2014,310903,295990,301561,184926,,,73463
East Passyunk Business Improvement District,134237027,2015,371955,336889,334530,219991,,,78780
East Passyunk Business Improvement District,134237027,2016,507476,403090,421699,324378,,,80250
East Passyunk Business Improvement District,134237027,2017,317813,367931,322133,274260,,,57464
East Passyunk Business Improvement District,134237027,2018,361806,354618,419213,322182,,,73746
East Passyunk Business Improvement District,134237027,2019,325941,296350,371015,351773,,,78659
East Passyunk Business Improvement District,134237027,2020,304029,316010,365803,339792,,,82041
East Passyunk Business Improvement District,134237027,2021,335365,360902,330324,314255,,,84095
East Passyunk Business Improvement District,134237027,2022,310839,376145,366857,248949,,,85828
East Passyunk Business Improvement District,134237027,2023,450816,425922,312173,273843,,,75192
Fishtown Kensington Area Business Improvement District,844037072,2020,692896,470640,352679,222256,,,89583
Fishtown Kensington Area Business Improvement District,844037072,2021,763974,581887,471400,404343,,,0
Fishtown Kensington Area Business Improvement District,844037072,2022,842148,833838,523350,412653,,,94027
Fishtown Kensington Area Business Improvement District,844037072,2023,883529,932675,447163,363507,,,138196
Mayfair Business Improvement District,811075227,2016,278646,98241,464826,180405,,,0
Mayfair Business Improvement District,811075227,2017,275862,146339,320078,309928,,,49372
Mayfair Business Improvement District,811075227,2018,399545,370807,373308,338666,,,80481
Mayfair Business Improvement District,811075227,2019,450674,508233,391692,281107,,,81833
Mayfair Business Improvement District,811075227,2020,413269,271410,507950,391711,,,69936
Mayfair Business Improvement District,811075227,2021,519482,266242,674155,644951,,,81000
Mayfair Business Improvement District,811075227,2022,427327,283917,802006,788361,,,90583
Mayfair Business Improvement District,811075227,2023,620824,331421,1091767,1077764,,,86000
North Broad Business Improvement District,462240607,2013,16781,0,16781,,,,
Northern Liberties Business Improvement District,823141998,2019,451452,311813,156609,139639,,,0
Northern Liberties Business Improvement District,823141998,2020,493960,412227,256418,221372,,,72797
Northern Liberties Business Improvement District,823141998,2021,562190,527724,300511,255838,,,75645
Northern Liberties Business Improvement District,823141998,2022,619709,673048,282797,202499,,,78145
Northern Liberties Business Improvement District,823141998,2023,702002,753706,202107,150794,,,86981
Port Richmond Industrial Development Enterprise,233059821,2011,58373,46227,65025,65025,,,0
Port Richmond Industrial Development Enterprise,233059821,2012,64187,46405,82807,82807,,,0
Port Richmond Industrial Development Enterprise,233059821,2013,102179,150652,34334,34334,,,0
Port Richmond Industrial Development Enterprise,233059821,2014,124343,86307,72370,72370,,,0
Port Richmond Industrial Development Enterprise,233059821,2015,78286,59166,91490,91490,,,0
Port Richmond Industrial Development Enterprise,233059821,2016,60560,55926,96124,96124,,,0
Port Richmond Industrial Development Enterprise,233059821,2017,19943,70742,45325,45325,,,0
Port Richmond Industrial Development Enterprise,233059821,2018,45097,61055,29367,29367,,,0
Port Richmond Industrial Development Enterprise,233059821,2019,88505,39866,78006,78006,,,0
Port Richmond Industrial Development Enterprise,233059821,2020,63234,37194,104046,104046,,,0
Port Richmond Industrial Development Enterprise,233059821,2021,65038,43095,125989,125989,,,0
Port Richmond Industrial Development Enterprise,233059821,2022,57307,34903,148393,,,,
Port Richmond Industrial Development Enterprise,233059821,2023,68595,39113,177876,,,,
Roxborough Development Corporation,232705347,2011,486812,450853,1295933,149360,,,99691
Roxborough Development Corporation,232705347,2012,1013396,415877,977615,746879,,,98554
Roxborough Development Corporation,232705347,2013,586450,330137,1089202,1003192,,,95972
Roxborough Development Corporation,232705347,2014,457881,311765,1195789,1149308,,,38140
Roxborough Development Corporation,232705347,2016,698102,589599,1199074,1190568,,,65000
Roxborough Development Corporation,232705347,2017,611516,587948,1249062,1214136,,,65000
Roxborough Development Corporation,232705347,2018,793153,603237,1464004,1404052,,,124824
Roxborough Development Corporation,232705347,2019,578427,577505,1528356,1404974,,,141253
Roxborough Development Corporation,232705347,2020,650877,690833,1602599,1365018,,,146719
Roxborough Development Corporation,232705347,2021,681465,677017,1620389,1369466,,,152908
Roxborough Development Corporation,232705347,2022,833065,737365,1631437,1465166,,,163242
Roxborough Development Corporation,232705347,2023,793385,801536,1627258,1457015,,,169964
Sports Complex Special Services District,232822048,2011,1216409,1264102,2299698,,,,
Sports Complex Special Services District,232822048,2012,1234919,961601,2550291,,,,
Sports Complex Special Services District,232822048,2013,1257683,1005271,2845913,,,,
Sports Complex Special Services District,232822048,2014,1280532,963349,3176198,,,,
Sports Complex Special Services District,232822048,2015,1285367,2126019,2483879,,,,
Sports Complex Special Services District,232822048,2019,1409621,1155429,2963934,,,,
Sports Complex Special Services District,232822048,2020,1410753,1185227,3220634,,,,
Sports Complex Special Services District,232822048,2021,1452746,1829752,3008805,,,,
Sports Complex Special Services District,232822048,2022,1153598,1788330,2347432,,,,
Sports Complex Special Services District,232822048,2023,2053970,1468337,2810229,,,,
University City District,232913784,2011,6440884,6326211,4385262,3805250,,,178250
University City District,232913784,2012,8330549,7251347,5271959,4712933,,,214471
University City District,232913784,2013,7639070,7969922,4860903,4271465,,,244075
University City District,232913784,2014,7741216,8124104,4526911,3804660,,,234012
University City District,232913784,2015,8280142,8101199,5114789,4599557,,,243047
University City District,232913784,2016,9520283,8626304,6204662,5330279,,,256990
University City District,232913784,2017,9595521,9598805,5910898,5243704,,,291291
University City District,232913784,2018,15009335,9665372,11334727,10429583,,,301276
University City District,232913784,2019,9347238,10982219,10333294,9446897,,,328118
University City District,232913784,2020,11153462,11087179,10734233,9329906,,,306580
University City District,232913784,2021,9712200,10994161,9386670,8163034,,,322659
University City District,232913784,2022,12962976,11454845,12660526,9213636,,,370097
University City District,232913784,2023,10336701,11421327,11356465,8010791,,,387057
