org_name,address,lat,lon,status
African Cultural Alliance of North America,"5530 Chester Ave, Philadelphia, PA 19143",39.9380124,-75.2248114,ok
Arab-American CDC,"1501 Germantown Ave, Philadelphia, PA 19122",39.9739104,-75.141362,ok
Asociación Puertorriqueños en Marcha (APM),"1900 N. 9th Street, Suite 102 Philadelphia",39.9814331,-75.1489649,ok (cleaned address)
Beech Interplex,"510 Cecil B. Moore Avenue, Suite 300, Philadelphia, PA 19121",39.9768152,-75.1437616,ok (cleaned address)
Called To Serve CDC,"3600 N. Broad Street, Philadelphia, PA 19140",40.0079556,-75.1520225,ok
Catholic Housing and Community Services,"1601 Cherry Street, Suite 1100, Philadelphia, PA 19102",39.9560551,-75.1669221,ok (cleaned address)
Centennial Parkside CDC,"3479 West Girard Avenue, Philadelphia",39.9749835,-75.19721,ok
Chestnut Hill CDC,"10 E. Springfield Avenue, 19118",40.0697522,-75.199591,ok
Community of Compassion CDC,6150 Cedar Avenue in Philadelphia,39.9524961,-75.2466585,ok (cleaned address)
Community Ventures,"1501 Cherry Street, Philadelphia, PA 19102-1403",39.9560755,-75.1650982,ok
East Falls Development Corporation,"3580 Indian Queen Lane, Philadelphia, PA 19129",40.0096688,-75.1906533,ok
Empowered CDC,"5437 Baltimore Ave, Philadelphia, PA, United States, 19143",39.9477070,-75.2324736,ok (cleaned address)
Esperanza,"4261 North 5th Street, Philadelphia, PA 19140",40.0160438,-75.1339507,ok
Frankford CDC,"Daral Building 4667-69 Paul Street, 2nd Floor Philadelphia, PA 19124",40.0159116,-75.0838551,ok (cleaned address)
Germantown Restoration CDC,"5539 Germantown Ave, Philadelphia, PA, United States, 19144",40.0346824,-75.1730731,ok (cleaned address)
Germantown United CDC,"5320 Germantown Avenue Philadelphia, Pennsylvania 19144 USA",40.0322275,-75.1693796,ok
Habitat for Humanity Philadelphia,"1829 N 19th St, Philadelphia, PA 19121",39.9819921,-75.1649424,ok
HACE,47 N. 5th Street in North Philadelphia,39.9509982,-75.1487112,ok (cleaned address)
HELP Development Corporation,115 E. 13th St.,,,"excluded (address is out-of-state national HQ, not Philadelphia)"
Heritage CDC,"1933 N 23rd Street, Philadelphia, PA 19121",39.9844477,-75.1714678,ok
HMC Squared Community Association,"1536 N 59th Street, Philadelphia, PA 19151",39.9754573,-75.2388767,ok
HopePHL,"325 N. 39th Street, Philadelphia",39.9602905,-75.1998374,ok
Housing Enrichment Renaissance Board CDC,,,,no address
HumanGood East,"1900 Huntington Drive Duarte, CA 91010",,,"excluded (address is out-of-state national HQ, not Philadelphia)"
ICPIC New Africa Center CDC,"4243 Lancaster Avenue, Philadelphia, PA 19104",39.9675107,-75.2090515,ok
Impact Services Corporation,"1952 E. Allegheny Avenue, Philadelphia, PA 19134",39.9946228,-75.1118597,ok
Inglis Housing Corporation,"2600 Belmont Avenue, Philadelphia, PA 19131",39.9988581,-75.2193866,ok
Korean Community Development Services Center,"6055 North 5th Street, Philadelphia",40.0437623,-75.1287993,ok
Lancaster Avenue 21st Century Business Association CDC (LA21),"3500 Lancaster Avenue, Philadelphia, PA 19104",39.9576312,-75.1925781,ok
Lower North Philadelphia CDC,"2206 Ridge Avenue, Philadelphia, PA 19121",39.9796237,-75.1714145,ok
Mission First Housing Group,"48 Arch Street, 2nd Floor Philadelphia",39.9518424,-75.1424821,ok (cleaned address)
Mt. Airy CDC,7100 Germantown Ave,40.0583554,-75.1896683,ok
Mt. Vernon Manor CDC,"3311 Wallace Street, Suite B, Philadelphia, PA 19104",39.9654370,-75.1906636,ok (cleaned address)
New Kensington CDC,17 Frankford Ave,39.9842616,-75.1248843,ok (re-geocoded with zip)
Newbold CDC,"1437 West Passyunk Avenue, Philadelphia, PA 19145",39.925448,-75.1710114,ok
NewCourtland,"6970 Germantown Avenue, Philadelphia, PA 19119",40.0564061,-75.1879253,ok
Nicetown CDC,4414 Germantown Ave. 3rd Floor – Suite A Philadelphia,40.0213210,-75.1581378,ok (cleaned address)
Northwest CLT Corporation,"45 E. Penn Street A-2, Philadelphia, PA 19144-2346",40.0334857,-75.1683044,ok (cleaned address)
Ogontz Ave Revitalization Corporation,"2502 W. Cheltenham Avenue Philadelphia, PA 19150",40.0741961,-75.1586458,ok
Old City District,"231 Market Street, Philadelphia",39.9504939,-75.1447138,ok
Olney Community Collaborative,5458 N. 5th Street,40.0351092,-75.1310441,ok
Overbrook West Neighbors CDC,"6361 Lancaster Ave, Philadelphia, PA 19151",39.9872833,-75.2510939,ok
Oxford Circle Christian Community Development Association (OCCCDA),900 E Howell Street – Building B Philadelphia,40.0375642,-75.0910499,ok (cleaned address)
Park to Broad Arts & Business District,"2914 W Girard Avenue, Philadelphia, PA 19130",39.9744427,-75.1840583,ok
Partnership CDC,"4020 Market Street, Philadelphia, PA 19104",39.9570375,-75.2028431,ok
Passyunk Area Revitalization Corporation,"1134 Titan St, Philadelphia, PA 19147",39.9338053,-75.1627791,ok
Philadelphia Chinatown Development Corporation,"301 N 9th St, Philadelphia, PA 19107",39.957634,-75.153671,ok
ProjectHOME,"1515 Fairmount Ave, Philadelphia, PA 19130",39.9674542,-75.1629077,ok
SEAMAAC,1711 S Broad Street Philadelphia,39.9287124,-75.1683307,ok
Sister Clara Muhammad CDC,"4700 Wyalusing Avenue, Philadelphia",39.970186,-75.2162248,ok
Smart Futures CDC,,,,no address
South Kensington Community Partners,"1301 N 2nd St, Philadelphia, PA 19122",39.9711749,-75.1388271,ok
South Street Headhouse District,407 South Street,39.9417325,-75.1494182,ok (re-geocoded with zip)
Southwest CDC,"6328 Paschall Ave. Philadelphia, PA 19142",39.9257638,-75.2311153,ok
Tacony CDC,"4823 Longshore Ave, #101, Philadelphia, PA 19135",40.0244205,-75.0415679,ok (cleaned address)
The Enterprise Center CDC,"4548 Market Street, Philadelphia, PA 19139",39.9583323,-75.2121821,ok
The Maple Corporation,"1617 John F Kennedy Blvd Ste 1560, Philadelphia, PA 19103",39.9541246,-75.1674867,ok (cleaned address)
Tioga United,"1515 Arch St. 13th Floor Philadelphia, PA 19102",39.9551450,-75.1658218,ok (cleaned address)
Women's Community Revitalization Project (WCRP),"100 West Oxford Street, E-2300, Philadelphia, PA 19122 tel: 215.627.5550",39.9740012,-75.1355427,ok (cleaned address)
Wynnefield Overbrook Revitalization Corporation,"5600 City Ave, Philadelphia, PA 19131",39.9935304,-75.2396382,ok
Xiente,"174 Diamond Street, Philadelphia, PA 19122",39.9812411,-75.1352723,ok
ACHIEVEability,"5901 Market Street, Suite 410, Philadelphia, PA 19139",39.9618150,-75.2389270,ok (cleaned address)
Fairmount CDC,"2837 W Girard Ave, Philadelphia, PA 19130",39.9745187,-75.1824707,ok
Francisville Neighborhood Development Corporation,"1608 Ridge Avenue, Philadelphia, PA 19130, (215) 282-3010 Office",39.9692210,-75.1638011,ok (cleaned address)
Manayunk Development Corporation,"106 Grape Street,, Philadelphia, PA 19127",40.0257275,-75.2233595,ok
Mayfair CDC,"2990 St. Vincent Street, Philadelphia, PA 19149",40.0408022,-75.0527105,ok
South of South Neighborhood Association,"1901 Christian St, Philadelphia, PA 19146",39.9412134,-75.1743534,ok
Spring Garden CDC,"601 North 17th Street, Philadelphia, Pennsylvania 19130, United States",39.9651504,-75.1656018,ok
Allegheny West Foundation,4527 N. Broad Street,40.0221507,-75.1480985,ok
Village of Arts and Humanities,"2544 Germantown Ave. Philadelphia, PA 19133",39.9908966,-75.148511,ok
Advocate Community Development Corporation,"1808 W Diamond St, Philadelphia, PA 19121",39.985511,-75.1633263,ok
Calvary CDC,,,,no address
Faith CDC,"108 E Price St, Philadelphia, PA 19144",40.0377794,-75.1739898,ok
Frankford United Neighbors CDC,,,,no address
Greater Germantown Housing Development Corporation,"5538 Wayne Ave Ste C, Philadelphia, PA 19144",40.0311180,-75.1780110,ok (cleaned address)
Hunting Park Community Development Corporation,"3961 N 9th Street, Philadelphia, PA 19129",40.0126126,-75.1416304,ok
Jefferson Manor Community Development Corporation,,,,no address
Mt. Airy Village Development Corporation,"6703 Germantown Ave, Suite 200, Philadelphia, PA 19119",40.0520460,-75.1851107,ok
People's Emergency Center CDC,"325 N 39th Street, Philadelphia, PA 19104",39.9602905,-75.1998374,ok
Sheridan Community Development Corporation,,,,no address
West Oak Lane CDC,"7300-02 Ogontz Ave, Philadelphia, PA 19138",40.0650975,-75.1553561,ok
Brewerytown CDC,"3000 W Master Street, Philadelphia, PA 19121",39.9770571,-75.1818453,"ok (neighborhood-level, street address not found)"
Hawthorne Community Development Corporation,"712 S 12th St, Philadelphia, PA 19147",39.9421932,-75.1621067,ok
Roxborough Development Corporation,"6120 Ridge Avenue, Philadelphia, PA 19128",40.0337781,-75.2159002,ok
Sunrise CDC,"4244 Old York Rd, Philadelphia, PA 19140",40.0180093,-75.1474987,ok
Yorktown CDC,"1300 W. Jefferson St, Philadelphia, PA 19122",39.975508,-75.156484,ok
Tenth Memorial Non-Profit Development Corporation,"1999 Ridge Ave, Philadelphia, PA 19121",39.9753034,-75.1679385,ok
Logan Community Development Corporation,"4542 N 11th St, Philadelphia, PA 19140",40.0220269,-75.1432029,ok
Southwest Germantown CDC,"5004 Wayne Ave, Philadelphia, PA 19144",40.0254044,-75.1678894,ok
East of Broad Community Development Corporation,,,,no address
South Philadelphia Community Development Corporation,,,,no address
Central Germantown Community Development Corporation,,,,no address
First Baptist Church of Paschall Development Corporation,"2210 S 71st St, Philadelphia, PA 19142",39.9187858,-75.2423233,ok
Germantown Settlement,"324 E High St, Philadelphia, PA 19144",40.044173,-75.1727922,ok
Weccacoe Development Association,,,,no address
Olde Kensington Redevelopment Corporation,"1313 N 4th St, Philadelphia, PA 19122",39.9715821,-75.1425457,ok
Kensington Area Revitalization Project,"3034 Frankford Ave, Philadelphia, PA 19134",39.9910678,-75.1148146,ok
Socca Community Development Corporation,,,,no address
West Philadelphia Economic Development Corporation,,,,no address
Friends Rehabilitation Program,"704 W Girard Ave, Philadelphia, PA 19123",39.9701679,-75.1484667,ok
Strawberry Mansion CDC,"704 W Girard Ave., Philadelphia, PA 19123",39.9701679,-75.1484667,ok
Urban Resources Development Corporation,"6001 Germantown Avenue, Philadelphia, PA 19144",40.0400552,-75.177688,ok
Eastwick United CDC,"PO Box 33422, Philadelphia, PA 19142",39.8916933,-75.2449472,"ok (neighborhood-level, PO Box only)"
