org_name,ein,year,officer_comp,executive_director,title,source_url,notes
ACHIEVEAbility,232215980,2011,456079,,,,
ACHIEVEAbility,232215980,2012,414871,,,,
ACHIEVEAbility,232215980,2013,131611,,,,
ACHIEVEAbility,232215980,2014,204942,,,,
ACHIEVEAbility,232215980,2015,110002,,,,
ACHIEVEAbility,232215980,2016,168803,,,,
ACHIEVEAbility,232215980,2017,189295,,,,
ACHIEVEAbility,232215980,2018,146850,,,,
ACHIEVEAbility,232215980,2019,145598,,,,
ACHIEVEAbility,232215980,2020,142518,,,,
ACHIEVEAbility,232215980,2021,141860,,,,
ACHIEVEAbility,232215980,2022,141859,,,,
African Cultural Alliance of North America,233062024,2011,,,,,
African Cultural Alliance of North America,233062024,2012,,,,,
African Cultural Alliance of North America,233062024,2013,,,,,
African Cultural Alliance of North America,233062024,2014,28586,,,,
African Cultural Alliance of North America,233062024,2015,56955,,,,
African Cultural Alliance of North America,233062024,2016,41425,,,,
African Cultural Alliance of North America,233062024,2017,98047,,,,
African Cultural Alliance of North America,233062024,2018,0,,,,
African Cultural Alliance of North America,233062024,2019,65297,,,,
African Cultural Alliance of North America,233062024,2020,96336,,,,
African Cultural Alliance of North America,233062024,2021,81700,,,,
African Cultural Alliance of North America,233062024,2022,149738,,,,
African Cultural Alliance of North America,233062024,2023,173333,,,,
Arab American CDC,311620684,2011,,,,,
Arab American CDC,311620684,2012,,,,,
Arab American CDC,311620684,2013,,,,,
Arab American CDC,311620684,2014,,,,,
Arab American CDC,311620684,2015,,,,,
Arab American CDC,311620684,2016,,,,,
Arab American CDC,311620684,2017,,,,,
Arab American CDC,311620684,2018,,,,,
Arab American CDC,311620684,2019,,,,,
Arab American CDC,311620684,2020,,,,,
Arab American CDC,311620684,2021,,,,,
Arab American CDC,311620684,2022,,,,,
Arab American CDC,311620684,2023,0,,,,
Asociacion Puertorriquenos en Marcha,231930630,2011,218977,,,,
Asociacion Puertorriquenos en Marcha,231930630,2012,283839,,,,
Asociacion Puertorriquenos en Marcha,231930630,2013,366250,,,,
Asociacion Puertorriquenos en Marcha,231930630,2014,425399,,,,
Asociacion Puertorriquenos en Marcha,231930630,2015,448093,,,,
Asociacion Puertorriquenos en Marcha,231930630,2016,447898,,,,
Asociacion Puertorriquenos en Marcha,231930630,2017,546737,,,,
Asociacion Puertorriquenos en Marcha,231930630,2018,481999,,,,
Asociacion Puertorriquenos en Marcha,231930630,2019,461721,,,,
Asociacion Puertorriquenos en Marcha,231930630,2020,638863,,,,
Asociacion Puertorriquenos en Marcha,231930630,2021,697468,,,,
Asociacion Puertorriquenos en Marcha,231930630,2022,499289,,,,
Asociacion Puertorriquenos en Marcha,231930630,2023,498183,,,,
Beech Companies,204968928,2010,,,,,
Beech Companies,204968928,2011,,,,,
Beech Companies,204968928,2012,,,,,
Beech Companies,204968928,2013,,,,,
Beech Companies,204968928,2014,,,,,
Beech Companies,204968928,2015,,,,,
Beech Companies,204968928,2016,,,,,
Beech Companies,204968928,2017,,,,,
Beech Companies,204968928,2018,,,,,
Beech Companies,204968928,2019,,,,,
Beech Companies,204968928,2020,,,,,
Beech Companies,204968928,2021,0,,,,
Beech Companies,204968928,2022,0,,,,
Brewerytown-Sharswood NAC/CDC,20685211,2010,,,,,
Brewerytown-Sharswood NAC/CDC,20685211,2011,,,,,
Brewerytown-Sharswood NAC/CDC,20685211,2012,,,,,
Brewerytown-Sharswood NAC/CDC,20685211,2013,,,,,
Brewerytown-Sharswood NAC/CDC,20685211,2014,,,,,
Brewerytown-Sharswood NAC/CDC,20685211,2015,,,,,
Brewerytown-Sharswood NAC/CDC,20685211,2016,,,,,
Brewerytown-Sharswood NAC/CDC,20685211,2017,,,,,
Brewerytown-Sharswood NAC/CDC,20685211,2019,,,,,
Brewerytown-Sharswood NAC/CDC,20685211,2021,,,,,
Called to Serve CDC,464404323,2014,,,,,
Called to Serve CDC,464404323,2015,,,,,
Called to Serve CDC,464404323,2016,,,,,
Called to Serve CDC,464404323,2017,,,,,
Called to Serve CDC,464404323,2018,,,,,
Called to Serve CDC,464404323,2019,0,,,,
Called to Serve CDC,464404323,2020,0,,,,
Called to Serve CDC,464404323,2021,65423,,,,
Called to Serve CDC,464404323,2022,63000,,,,
Called to Serve CDC,464404323,2023,68000,,,,
Centennial Parkside CDC,474815728,2016,0,,,,
Centennial Parkside CDC,474815728,2017,0,,,,
Centennial Parkside CDC,474815728,2018,0,,,,
Centennial Parkside CDC,474815728,2019,0,,,,
Centennial Parkside CDC,474815728,2020,58000,,,,
Centennial Parkside CDC,474815728,2021,66916,,,,
Centennial Parkside CDC,474815728,2022,59731,,,,
Centennial Parkside CDC,474815728,2023,64417,,,,
Chestnut Hill CDC,274673757,2011,,,,,
Chestnut Hill CDC,274673757,2012,,,,,
Chestnut Hill CDC,274673757,2013,,,,,
Chestnut Hill CDC,274673757,2014,,,,,
Chestnut Hill CDC,274673757,2015,,,,,
Chestnut Hill CDC,274673757,2016,,,,,
Chestnut Hill CDC,274673757,2017,,,,,
Chestnut Hill CDC,274673757,2018,50561,,,,
Chestnut Hill CDC,274673757,2019,,,,,
Chestnut Hill CDC,274673757,2020,,,,,
Chestnut Hill CDC,274673757,2021,,,,,
Chestnut Hill CDC,274673757,2022,,,,,
Chestnut Hill CDC,274673757,2023,,,,,
Community of Compassion CDC,331035662,2021,,,,,
Community Ventures,232462126,2010,118608,,,,
Community Ventures,232462126,2011,200410,,,,
Community Ventures,232462126,2012,177675,,,,
Community Ventures,232462126,2013,141260,,,,
Community Ventures,232462126,2014,99167,,,,
Community Ventures,232462126,2015,106790,,,,
Community Ventures,232462126,2016,113927,,,,
Community Ventures,232462126,2017,115150,,,,
Community Ventures,232462126,2018,118836,,,,
Community Ventures,232462126,2019,119717,,,,
Community Ventures,232462126,2020,130190,,,,
Community Ventures,232462126,2021,131168,,,,
Community Ventures,232462126,2022,137454,,,,
Community Ventures,232462126,2023,392114,,,,
East Falls Development Corporation,232805925,2010,50923,,,,
East Falls Development Corporation,232805925,2011,50923,,,,
East Falls Development Corporation,232805925,2012,81202,,,,
East Falls Development Corporation,232805925,2013,82581,,,,
East Falls Development Corporation,232805925,2014,60795,,,,
East Falls Development Corporation,232805925,2015,55862,,,,
East Falls Development Corporation,232805925,2016,60089,,,,
East Falls Development Corporation,232805925,2017,53651,,,,
East Falls Development Corporation,232805925,2018,57478,,,,
East Falls Development Corporation,232805925,2019,0,,,,
East Falls Development Corporation,232805925,2020,9801,,,,
East Falls Development Corporation,232805925,2021,40213,,,,
East Falls Development Corporation,232805925,2022,65388,,,,
East Falls Development Corporation,232805925,2023,75089,,,,
The Enterprise Center CDC,300002632,2012,0,,,,
The Enterprise Center CDC,300002632,2013,0,,,,
The Enterprise Center CDC,300002632,2014,0,,,,
The Enterprise Center CDC,300002632,2015,0,,,,
The Enterprise Center CDC,300002632,2016,0,,,,
The Enterprise Center CDC,300002632,2017,0,,,,
The Enterprise Center CDC,300002632,2018,0,,,,
The Enterprise Center CDC,300002632,2019,0,,,,
The Enterprise Center CDC,300002632,2020,0,,,,
The Enterprise Center CDC,300002632,2021,120031,,,,
The Enterprise Center CDC,300002632,2022,0,,,,
The Enterprise Center CDC,300002632,2023,0,,,,
Esperanza,232552707,2011,514543,,,,
Esperanza,232552707,2012,612144,,,,
Esperanza,232552707,2013,624869,,,,
Esperanza,232552707,2014,496297,,,,
Esperanza,232552707,2015,439330,,,,
Esperanza,232552707,2016,840871,,,,
Esperanza,232552707,2017,840456,,,,
Esperanza,232552707,2018,610881,,,,
Esperanza,232552707,2019,796340,,,,
Esperanza,232552707,2020,750509,,,,
Esperanza,232552707,2021,772032,,,,
Esperanza,232552707,2022,714757,,,,
Esperanza,232552707,2023,739206,,,,
Fairmount CDC,233094818,2011,66405,,,,
Fairmount CDC,233094818,2012,0,,,,
Fairmount CDC,233094818,2013,75654,,,,
Fairmount CDC,233094818,2014,78966,,,,
Fairmount CDC,233094818,2015,60656,,,,
Fairmount CDC,233094818,2016,67494,,,,
Fairmount CDC,233094818,2017,76689,,,,
Fairmount CDC,233094818,2018,73950,,,,
Fairmount CDC,233094818,2019,71941,,,,
Fairmount CDC,233094818,2020,61075,,,,
Fairmount CDC,233094818,2021,20020,,,,
Fairmount CDC,233094818,2022,26250,,,,
Fairmount CDC,233094818,2023,65000,,,,
Frankford CDC,232738932,2011,0,,,,
Frankford CDC,232738932,2012,0,,,,
Frankford CDC,232738932,2013,0,,,,
Frankford CDC,232738932,2014,64000,,,,
Frankford CDC,232738932,2015,76000,,,,
Frankford CDC,232738932,2016,75952,,,,
Frankford CDC,232738932,2017,0,,,,
Frankford CDC,232738932,2018,0,,,,
Frankford CDC,232738932,2019,0,,,,
Frankford CDC,232738932,2020,0,,,,
Frankford CDC,232738932,2021,0,,,,
Frankford CDC,232738932,2022,0,,,,
Frankford CDC,232738932,2023,0,,,,
Germantown United CDC,453739378,2015,30000,,,,
Germantown United CDC,453739378,2016,50384,,,,
Germantown United CDC,453739378,2017,51558,,,,
Germantown United CDC,453739378,2018,53045,,,,
Germantown United CDC,453739378,2019,51471,,,,
Germantown United CDC,453739378,2020,67692,,,,
Germantown United CDC,453739378,2021,63242,,,,
Germantown United CDC,453739378,2022,73192,,,,
Germantown United CDC,453739378,2023,73000,,,,
Habitat for Humanity Philadelphia,421580163,2011,0,,,,
Habitat for Humanity Philadelphia,421580163,2012,0,,,,
Habitat for Humanity Philadelphia,421580163,2013,0,,,,
Habitat for Humanity Philadelphia,421580163,2014,0,,,,
Habitat for Humanity Philadelphia,421580163,2015,0,,,,
Habitat for Humanity Philadelphia,421580163,2016,0,,,,
Habitat for Humanity Philadelphia,421580163,2017,0,,,,
Habitat for Humanity Philadelphia,421580163,2018,0,,,,
Habitat for Humanity Philadelphia,421580163,2019,0,,,,
Habitat for Humanity Philadelphia,421580163,2020,0,,,,
Habitat for Humanity Philadelphia,421580163,2021,0,,,,
Habitat for Humanity Philadelphia,421580163,2022,0,,,,
Habitat for Humanity Philadelphia,421580163,2023,0,,,,
HumanGood East,232828862,2016,0,,,,
HumanGood East,232828862,2017,0,,,,
HumanGood East,232828862,2018,0,,,,
HumanGood East,232828862,2019,0,,,,
HumanGood East,232828862,2020,0,,,,
HumanGood East,232828862,2022,0,,,,
HumanGood East,232828862,2023,0,,,,
Impact Services Corporation,232087348,2011,380045,,,,
Impact Services Corporation,232087348,2012,411294,,,,
Impact Services Corporation,232087348,2013,312488,,,,
Impact Services Corporation,232087348,2014,528469,,,,
Impact Services Corporation,232087348,2015,502764,,,,
Impact Services Corporation,232087348,2016,675449,,,,
Impact Services Corporation,232087348,2017,557669,,,,
Impact Services Corporation,232087348,2018,610949,,,,
Impact Services Corporation,232087348,2019,0,,,,
Impact Services Corporation,232087348,2020,0,,,,
Impact Services Corporation,232087348,2021,0,,,,
Impact Services Corporation,232087348,2022,0,,,,
Impact Services Corporation,232087348,2023,462664,,,,
Inglis,231352284,2011,174316,,,,
Inglis,231352284,2012,0,,,,
Inglis,231352284,2013,0,,,,
Inglis,231352284,2014,0,,,,
Inglis,231352284,2015,0,,,,
Inglis,231352284,2016,0,,,,
Inglis,231352284,2017,0,,,,
Inglis,231352284,2018,0,,,,
Inglis,231352284,2019,0,,,,
Inglis,231352284,2020,0,,,,
Inglis,231352284,2021,0,,,,
Inglis,231352284,2022,0,,,,
Inglis,231352284,2023,0,,,,
Jumpstart Tioga,833840366,2019,,,,,
Korean Community Development Services Center,232303766,2011,0,,,,
Korean Community Development Services Center,232303766,2012,0,,,,
Korean Community Development Services Center,232303766,2013,0,,,,
Korean Community Development Services Center,232303766,2014,0,,,,
Korean Community Development Services Center,232303766,2015,0,,,,
Korean Community Development Services Center,232303766,2016,30000,,,,
Korean Community Development Services Center,232303766,2017,30000,,,,
Korean Community Development Services Center,232303766,2018,30000,,,,
Korean Community Development Services Center,232303766,2019,0,,,,
Korean Community Development Services Center,232303766,2020,0,,,,
Korean Community Development Services Center,232303766,2021,0,,,,
Korean Community Development Services Center,232303766,2022,0,,,,
Korean Community Development Services Center,232303766,2023,0,,,,
Lancaster Avenue 21st Century Business Association CDC,900502551,2015,,,,,
Lancaster Avenue 21st Century Business Association CDC,900502551,2016,,,,,
Lancaster Avenue 21st Century Business Association CDC,900502551,2019,14350,,,,
Lancaster Avenue 21st Century Business Association CDC,900502551,2020,47430,,,,
Lancaster Avenue 21st Century Business Association CDC,900502551,2021,72754,,,,
Lancaster Avenue 21st Century Business Association CDC,900502551,2022,181659,,,,
Lancaster Avenue 21st Century Business Association CDC,900502551,2023,273603,,,,
Lower North Philadelphia CDC,823231994,2020,,,,,
The Maple Corporation,236432397,2011,0,,,,
The Maple Corporation,236432397,2012,0,,,,
The Maple Corporation,236432397,2013,0,,,,
The Maple Corporation,236432397,2014,0,,,,
The Maple Corporation,236432397,2015,0,,,,
The Maple Corporation,236432397,2016,0,,,,
The Maple Corporation,236432397,2017,229265,,,,
The Maple Corporation,236432397,2018,107020,,,,
The Maple Corporation,236432397,2019,152365,,,,
The Maple Corporation,236432397,2020,179225,,,,
The Maple Corporation,236432397,2021,106166,,,,
The Maple Corporation,236432397,2022,116650,,,,
The Maple Corporation,236432397,2023,117274,,,,
Mission First Housing Group,455470563,2014,,,,,
Mission First Housing Group,455470563,2015,0,,,,
Mission First Housing Group,455470563,2016,0,,,,
Mission First Housing Group,455470563,2017,0,,,,
Mission First Housing Group,455470563,2018,0,,,,
Mission First Housing Group,455470563,2019,0,,,,
Mission First Housing Group,455470563,2020,0,,,,
Mission First Housing Group,455470563,2021,0,,,,
Mission First Housing Group,455470563,2022,0,,,,
Mission First Housing Group,455470563,2023,0,,,,
Mt Airy CDC,222526396,2010,19904,,,,
Mt Airy CDC,222526396,2011,56875,,,,
Mt Airy CDC,222526396,2012,125586,,,,
Mt Airy CDC,222526396,2013,109007,,,,
Mt Airy CDC,222526396,2014,111654,,,,
Mt Airy CDC,222526396,2015,124558,,,,
Mt Airy CDC,222526396,2016,126613,,,,
Mt Airy CDC,222526396,2017,130103,,,,
Mt Airy CDC,222526396,2018,135206,,,,
Mt Airy CDC,222526396,2019,147906,,,,
Mt Airy CDC,222526396,2020,148141,,,,
Mt Airy CDC,222526396,2021,161890,,,,
Mt Airy CDC,222526396,2022,67152,,,,
Mt Airy CDC,222526396,2023,140122,,,,
Mt Vernon Manor CDC,232037301,2010,0,,,,
Mt Vernon Manor CDC,232037301,2011,0,,,,
Mt Vernon Manor CDC,232037301,2012,0,,,,
Mt Vernon Manor CDC,232037301,2013,0,,,,
Mt Vernon Manor CDC,232037301,2014,0,,,,
Mt Vernon Manor CDC,232037301,2015,38077,,,,
Mt Vernon Manor CDC,232037301,2016,60000,,,,
Mt Vernon Manor CDC,232037301,2017,61100,,,,
Mt Vernon Manor CDC,232037301,2018,61200,,,,
Mt Vernon Manor CDC,232037301,2019,76283,,,,
Mt Vernon Manor CDC,232037301,2020,70056,,,,
Mt Vernon Manor CDC,232037301,2021,69084,,,,
Mt Vernon Manor CDC,232037301,2022,68252,,,,
Mt Vernon Manor CDC,232037301,2023,0,,,,
Newbold CDC,542184458,2016,,,,,
Newbold CDC,542184458,2017,,,,,
Newbold CDC,542184458,2018,,,,,
Newbold CDC,542184458,2019,,,,,
Newbold CDC,542184458,2022,,,,,
Newbold CDC,542184458,2023,,,,,
New Kensington CDC,222610536,2011,95957,,,,
New Kensington CDC,222610536,2012,97964,,,,
New Kensington CDC,222610536,2013,101049,,,,
New Kensington CDC,222610536,2014,101565,,,,
New Kensington CDC,222610536,2015,104577,,,,
New Kensington CDC,222610536,2016,109774,,,,
New Kensington CDC,222610536,2017,262222,,,,
New Kensington CDC,222610536,2018,231086,,,,
New Kensington CDC,222610536,2019,225515,,,,
New Kensington CDC,222610536,2020,252852,,,,
New Kensington CDC,222610536,2021,205577,,,,
New Kensington CDC,222610536,2022,223154,,,,
New Kensington CDC,222610536,2023,0,,,,
Nicetown CDC,233061705,2011,99985,,,,
Nicetown CDC,233061705,2012,149063,,,,
Nicetown CDC,233061705,2013,124991,,,,
Nicetown CDC,233061705,2014,131473,,,,
Nicetown CDC,233061705,2015,124801,,,,
Nicetown CDC,233061705,2016,124999,,,,
Nicetown CDC,233061705,2017,124999,,,,
Nicetown CDC,233061705,2018,51874,,,,
Nicetown CDC,233061705,2019,81000,,,,
Nicetown CDC,233061705,2020,265932,,,,
Nicetown CDC,233061705,2021,212458,,,,
Nicetown CDC,233061705,2022,204995,,,,
Nicetown CDC,233061705,2023,249359,,,,
Norris Square Community Alliance,261297642,2011,0,,,,
Norris Square Community Alliance,261297642,2012,0,,,,
Norris Square Community Alliance,261297642,2013,0,,,,
Norris Square Community Alliance,261297642,2014,0,,,,
Norris Square Community Alliance,261297642,2015,0,,,,
Norris Square Community Alliance,261297642,2016,0,,,,
Norris Square Community Alliance,261297642,2017,0,,,,
Norris Square Community Alliance,261297642,2018,0,,,,
Norris Square Community Alliance,261297642,2019,0,,,,
Norris Square Community Alliance,261297642,2020,0,,,,
Norris Square Community Alliance,261297642,2021,39990,,,,
Norris Square Community Alliance,261297642,2022,39858,,,,
Norris Square Community Alliance,261297642,2023,43740,,,,
Old City District,232176305,2011,,,,,
Old City District,232176305,2012,,,,,
Old City District,232176305,2013,,,,,
Old City District,232176305,2014,,,,,
Old City District,232176305,2015,,,,,
Old City District,232176305,2016,,,,,
Old City District,232176305,2017,,,,,
Old City District,232176305,2018,,,,,
Old City District,232176305,2019,,,,,
Old City District,232176305,2020,,,,,
Old City District,232176305,2021,,,,,
Old City District,232176305,2022,,,,,
Old City District,232176305,2023,,,,,
Overbrook West Neighbors CDC,824449937,2019,0,,,,
Overbrook West Neighbors CDC,824449937,2020,0,,,,
Overbrook West Neighbors CDC,824449937,2021,,,,,
Overbrook West Neighbors CDC,824449937,2022,0,,,,
Overbrook West Neighbors CDC,824449937,2023,0,,,,
Oxford Circle Christian Community Development Association,204984694,2011,25000,,,,
Oxford Circle Christian Community Development Association,204984694,2012,25600,,,,
Oxford Circle Christian Community Development Association,204984694,2013,32200,,,,
Oxford Circle Christian Community Development Association,204984694,2014,32200,,,,
Oxford Circle Christian Community Development Association,204984694,2015,33166,,,,
Oxford Circle Christian Community Development Association,204984694,2016,35961,,,,
Oxford Circle Christian Community Development Association,204984694,2017,46129,,,,
Oxford Circle Christian Community Development Association,204984694,2018,55200,,,,
Oxford Circle Christian Community Development Association,204984694,2019,64871,,,,
Oxford Circle Christian Community Development Association,204984694,2021,66365,,,,
Oxford Circle Christian Community Development Association,204984694,2022,71708,,,,
Oxford Circle Christian Community Development Association,204984694,2023,0,,,,
Philadelphia Chinatown Development Corporation,237439723,2011,0,,,,
Philadelphia Chinatown Development Corporation,237439723,2012,74200,,,,
Philadelphia Chinatown Development Corporation,237439723,2013,74200,,,,
Philadelphia Chinatown Development Corporation,237439723,2014,74492,,,,
Philadelphia Chinatown Development Corporation,237439723,2015,78200,,,,
Philadelphia Chinatown Development Corporation,237439723,2016,86250,,,,
Philadelphia Chinatown Development Corporation,237439723,2017,81900,,,,
Philadelphia Chinatown Development Corporation,237439723,2018,82561,,,,
Philadelphia Chinatown Development Corporation,237439723,2019,92633,,,,
Philadelphia Chinatown Development Corporation,237439723,2020,87633,,,,
Philadelphia Chinatown Development Corporation,237439723,2021,100790,,,,
Philadelphia Chinatown Development Corporation,237439723,2022,102034,,,,
Philadelphia Chinatown Development Corporation,237439723,2023,87633,,,,
Project HOME,232555950,2011,173840,,,,
Project HOME,232555950,2012,274345,,,,
Project HOME,232555950,2013,288150,,,,
Project HOME,232555950,2014,349673,,,,
Project HOME,232555950,2015,336438,,,,
Project HOME,232555950,2016,346089,,,,
Project HOME,232555950,2017,518809,,,,
Project HOME,232555950,2018,648642,,,,
Project HOME,232555950,2019,688751,,,,
Project HOME,232555950,2020,523610,,,,
Project HOME,232555950,2021,562714,,,,
Project HOME,232555950,2022,536840,,,,
Project HOME,232555950,2023,1205611,,,,
Southwest CDC,232491247,2011,77648,,,,
Southwest CDC,232491247,2012,104250,,,,
Southwest CDC,232491247,2013,123152,,,,
Southwest CDC,232491247,2014,145212,,,,
Southwest CDC,232491247,2015,0,,,,
Southwest CDC,232491247,2016,152329,,,,
Southwest CDC,232491247,2017,82030,,,,
Southwest CDC,232491247,2018,77724,,,,
Southwest CDC,232491247,2019,80657,,,,
Southwest CDC,232491247,2020,86395,,,,
Southwest CDC,232491247,2021,87984,,,,
Southwest CDC,232491247,2022,92039,,,,
Southwest CDC,232491247,2023,93031,,,,
Tacony CDC,233052060,2012,0,,,,
Tacony CDC,233052060,2012,,,,,
Tacony CDC,233052060,2013,0,,,,
Tacony CDC,233052060,2014,0,,,,
Tacony CDC,233052060,2015,60500,,,,
Tacony CDC,233052060,2016,63250,,,,
Tacony CDC,233052060,2017,65000,,,,
Tacony CDC,233052060,2018,67500,,,,
Tacony CDC,233052060,2019,67500,,,,
Tacony CDC,233052060,2020,72500,,,,
Tacony CDC,233052060,2021,72500,,,,
Tacony CDC,233052060,2022,63968,,,,
Tacony CDC,233052060,2023,88615,,,,
Tacony CDC,233052060,2024,106103,,,,
Tioga United,233101958,2010,0,,,,
Tioga United,233101958,2011,0,,,,
Tioga United,233101958,2012,0,,,,
Tioga United,233101958,2013,0,,,,
Tioga United,233101958,2014,0,,,,
Tioga United,233101958,2015,0,,,,
Tioga United,233101958,2020,,,,,
Tioga United,233101958,2021,,,,,
Tioga United,233101958,2022,71467,,,,
Tioga United,233101958,2023,0,,,,
Women's Community Revitalization Project,222840188,2011,121293,,,,
Women's Community Revitalization Project,222840188,2012,126126,,,,
Women's Community Revitalization Project,222840188,2013,126319,,,,
Women's Community Revitalization Project,222840188,2014,124365,,,,
Women's Community Revitalization Project,222840188,2015,105094,,,,
Women's Community Revitalization Project,222840188,2016,101046,,,,
Women's Community Revitalization Project,222840188,2017,103050,,,,
Women's Community Revitalization Project,222840188,2018,126192,,,,
Women's Community Revitalization Project,222840188,2019,136233,,,,
Women's Community Revitalization Project,222840188,2020,140425,,,,
Women's Community Revitalization Project,222840188,2021,140520,,,,
Women's Community Revitalization Project,222840188,2022,140520,,,,
Women's Community Revitalization Project,222840188,2023,91943,,,,
Wynnefield Overbrook Revitalization Corporation,830444104,2011,,,,,
Wynnefield Overbrook Revitalization Corporation,830444104,2012,,,,,
Wynnefield Overbrook Revitalization Corporation,830444104,2013,75000,,,,
Wynnefield Overbrook Revitalization Corporation,830444104,2014,77250,,,,
Wynnefield Overbrook Revitalization Corporation,830444104,2015,77250,,,,
Wynnefield Overbrook Revitalization Corporation,830444104,2016,82250,,,,
Wynnefield Overbrook Revitalization Corporation,830444104,2017,87250,,,,
Wynnefield Overbrook Revitalization Corporation,830444104,2018,87750,,,,
Wynnefield Overbrook Revitalization Corporation,830444104,2019,85000,,,,
Wynnefield Overbrook Revitalization Corporation,830444104,2020,,,,,
Wynnefield Overbrook Revitalization Corporation,830444104,2021,,,,,
Wynnefield Overbrook Revitalization Corporation,830444104,2022,72500,,,,
Wynnefield Overbrook Revitalization Corporation,830444104,2023,70000,,,,
Center City District,232701217,2011,0,,,,
Center City District,232701217,2012,0,,,,
Center City District,232701217,2013,0,,,,
Center City District,232701217,2014,0,,,,
Center City District,232701217,2015,0,,,,
Center City District,232701217,2016,0,,,,
Center City District,232701217,2017,0,,,,
Center City District,232701217,2018,0,,,,
Center City District,232701217,2019,0,,,,
Center City District,232701217,2020,0,,,,
Center City District,232701217,2021,0,,,,
Center City District,232701217,2022,0,,,,
Center City District,232701217,2023,0,,,,
Chestnut Hill Business Improvement District,841629688,2011,0,,,,
Chestnut Hill Business Improvement District,841629688,2012,0,,,,
Chestnut Hill Business Improvement District,841629688,2013,0,,,,
Chestnut Hill Business Improvement District,841629688,2014,0,,,,
Chestnut Hill Business Improvement District,841629688,2015,0,,,,
Chestnut Hill Business Improvement District,841629688,2016,0,,,,
Chestnut Hill Business Improvement District,841629688,2017,0,,,,
Chestnut Hill Business Improvement District,841629688,2018,0,,,,
Chestnut Hill Business Improvement District,841629688,2019,0,,,,
Chestnut Hill Business Improvement District,841629688,2020,0,,,,
Chestnut Hill Business Improvement District,841629688,2021,0,,,,
Chestnut Hill Business Improvement District,841629688,2022,0,,,,
Chestnut Hill Business Improvement District,841629688,2023,7623,,,,
East Passyunk Business Improvement District,134237027,2010,69808,,,,
East Passyunk Business Improvement District,134237027,2011,70000,,,,
East Passyunk Business Improvement District,134237027,2012,71696,,,,
East Passyunk Business Improvement District,134237027,2013,74263,,,,
East Passyunk Business Improvement District,134237027,2014,73463,,,,
East Passyunk Business Improvement District,134237027,2015,78780,,,,
East Passyunk Business Improvement District,134237027,2016,80250,,,,
East Passyunk Business Improvement District,134237027,2017,57464,,,,
East Passyunk Business Improvement District,134237027,2018,73746,,,,
East Passyunk Business Improvement District,134237027,2019,78659,,,,
East Passyunk Business Improvement District,134237027,2020,82041,,,,
East Passyunk Business Improvement District,134237027,2021,84095,,,,
East Passyunk Business Improvement District,134237027,2022,85828,,,,
East Passyunk Business Improvement District,134237027,2023,75192,,,,
Fishtown Kensington Area Business Improvement District,844037072,2020,89583,,,,
Fishtown Kensington Area Business Improvement District,844037072,2021,0,,,,
Fishtown Kensington Area Business Improvement District,844037072,2022,94027,,,,
Fishtown Kensington Area Business Improvement District,844037072,2023,138196,,,,
Mayfair Business Improvement District,811075227,2016,0,,,,
Mayfair Business Improvement District,811075227,2017,49372,,,,
Mayfair Business Improvement District,811075227,2018,80481,,,,
Mayfair Business Improvement District,811075227,2019,81833,,,,
Mayfair Business Improvement District,811075227,2020,69936,,,,
Mayfair Business Improvement District,811075227,2021,81000,,,,
Mayfair Business Improvement District,811075227,2022,90583,,,,
Mayfair Business Improvement District,811075227,2023,86000,,,,
North Broad Business Improvement District,462240607,2013,,,,,
Northern Liberties Business Improvement District,823141998,2019,0,,,,
Northern Liberties Business Improvement District,823141998,2020,72797,,,,
Northern Liberties Business Improvement District,823141998,2021,75645,,,,
Northern Liberties Business Improvement District,823141998,2022,78145,,,,
Northern Liberties Business Improvement District,823141998,2023,86981,,,,
Port Richmond Industrial Development Enterprise,233059821,2011,0,,,,
Port Richmond Industrial Development Enterprise,233059821,2012,0,,,,
Port Richmond Industrial Development Enterprise,233059821,2013,0,,,,
Port Richmond Industrial Development Enterprise,233059821,2014,0,,,,
Port Richmond Industrial Development Enterprise,233059821,2015,0,,,,
Port Richmond Industrial Development Enterprise,233059821,2016,0,,,,
Port Richmond Industrial Development Enterprise,233059821,2017,0,,,,
Port Richmond Industrial Development Enterprise,233059821,2018,0,,,,
Port Richmond Industrial Development Enterprise,233059821,2019,0,,,,
Port Richmond Industrial Development Enterprise,233059821,2020,0,,,,
Port Richmond Industrial Development Enterprise,233059821,2021,0,,,,
Port Richmond Industrial Development Enterprise,233059821,2022,,,,,
Port Richmond Industrial Development Enterprise,233059821,2023,,,,,
Roxborough Development Corporation,232705347,2011,99691,,,,
Roxborough Development Corporation,232705347,2012,98554,,,,
Roxborough Development Corporation,232705347,2013,95972,,,,
Roxborough Development Corporation,232705347,2014,38140,,,,
Roxborough Development Corporation,232705347,2016,65000,,,,
Roxborough Development Corporation,232705347,2017,65000,,,,
Roxborough Development Corporation,232705347,2018,124824,,,,
Roxborough Development Corporation,232705347,2019,141253,,,,
Roxborough Development Corporation,232705347,2020,146719,,,,
Roxborough Development Corporation,232705347,2021,152908,,,,
Roxborough Development Corporation,232705347,2022,163242,,,,
Roxborough Development Corporation,232705347,2023,169964,,,,
Sports Complex Special Services District,232822048,2011,,,,,
Sports Complex Special Services District,232822048,2012,,,,,
Sports Complex Special Services District,232822048,2013,,,,,
Sports Complex Special Services District,232822048,2014,,,,,
Sports Complex Special Services District,232822048,2015,,,,,
Sports Complex Special Services District,232822048,2019,,,,,
Sports Complex Special Services District,232822048,2020,,,,,
Sports Complex Special Services District,232822048,2021,,,,,
Sports Complex Special Services District,232822048,2022,,,,,
Sports Complex Special Services District,232822048,2023,,,,,
University City District,232913784,2011,178250,,,,
University City District,232913784,2012,214471,,,,
University City District,232913784,2013,244075,,,,
University City District,232913784,2014,234012,,,,
University City District,232913784,2015,243047,,,,
University City District,232913784,2016,256990,,,,
University City District,232913784,2017,291291,,,,
University City District,232913784,2018,301276,,,,
University City District,232913784,2019,328118,,,,
University City District,232913784,2020,306580,,,,
University City District,232913784,2021,322659,,,,
University City District,232913784,2022,370097,,,,
University City District,232913784,2023,387057,,,,
